"1";"1"
"1";"7"
"1";"5"
"2";"1"
"2";"7"
"2";"5"
"3";"1"
"3";"7"
"3";"5"
"4";"1"
"4";"7"
"4";"7"
"5";"1"
"5";"7"
"5";"5"
"6";"1"
"6";"7"
"6";"5"
"7";"1"
"7";"7"
"7";"7"
"8";"1"
"8";"7"
"8";"5"
"9";"1"
"9";"7"
"9";"5"
"10";"1"
"10";"7"
"10";"5"
"11";"1"
"11";"7"
"11";"5"
"12";"1"
"12";"7"
"12";"5"
"13";"1"
"13";"7"
"13";"5"
"14";"1"
"14";"7"
"14";"7"
"15";"1"
"15";"7"
"15";"5"
"16";"1"
"16";"7"
"16";"5"
"17";"1"
"17";"7"
"17";"5"
"18";"1"
"18";"7"
"18";"5"
"19";"1"
"19";"7"
"19";"5"
"20";"1"
"20";"7"
"20";"5"
"21";"1"
"21";"7"
"21";"5"
"22";"1"
"22";"7"
"22";"5"
"23";"1"
"23";"7"
"23";"5"
"24";"1"
"24";"7"
"24";"5"
"25";"1"
"25";"7"
"25";"7"
"26";"1"
"26";"7"
"26";"5"
"27";"1"
"27";"7"
"27";"5"
"28";"1"
"28";"7"
"28";"2"
"29";"1"
"29";"7"
"29";"7"
"30";"1"
"30";"7"
"30";"7"
"31";"1"
"31";"7"
"31";"7"
"32";"1"
"32";"7"
"32";"7"
"33";"1"
"33";"7"
"33";"7"
"34";"1"
"34";"7"
"34";"7"
"35";"1"
"35";"7"
"35";"7"
"36";"1"
"36";"7"
"36";"7"
"37";"1"
"37";"7"
"37";"7"
"38";"1"
"38";"7"
"38";"7"
"39";"1"
"39";"7"
"39";"7"
"40";"1"
"40";"7"
"40";"7"
"41";"1"
"41";"7"
"41";"7"
"42";"1"
"42";"7"
"42";"7"
"43";"1"
"43";"7"
"43";"5"
"44";"1"
"44";"7"
"44";"7"
"45";"1"
"45";"7"
"45";"7"
"46";"1"
"46";"7"
"46";"7"
"47";"1"
"47";"7"
"47";"7"
"48";"1"
"48";"7"
"48";"7"
"49";"1"
"49";"7"
"49";"7"
"50";"1"
"50";"7"
"50";"7"
"51";"1"
"51";"7"
"51";"7"
"52";"1"
"52";"7"
"52";"7"
"53";"1"
"53";"7"
"53";"7"
"54";"1"
"54";"7"
"54";"5"
"55";"1"
"55";"7"
"55";"7"
"56";"1"
"56";"7"
"56";"5"
"57";"1"
"57";"7"
"57";"7"
"58";"1"
"58";"7"
"58";"7"
"59";"1"
"59";"7"
"59";"7"
"60";"1"
"60";"7"
"60";"7"
"61";"1"
"61";"7"
"61";"5"
"62";"1"
"62";"7"
"62";"5"
"63";"1"
"63";"7"
"63";"5"
"64";"1"
"64";"7"
"64";"5"
"65";"1"
"65";"7"
"65";"7"
"66";"1"
"66";"7"
"66";"7"
"67";"1"
"67";"7"
"67";"7"
"68";"1"
"68";"7"
"68";"7"
"69";"1"
"69";"7"
"69";"7"
"70";"1"
"70";"7"
"70";"7"
"71";"1"
"71";"7"
"71";"7"
"72";"1"
"72";"7"
"72";"5"
"73";"1"
"73";"7"
"73";"7"
"74";"1"
"74";"7"
"74";"7"
"75";"1"
"75";"7"
"75";"7"
"76";"1"
"76";"7"
"76";"5"
"77";"1"
"77";"7"
"77";"7"
"78";"1"
"78";"7"
"78";"7"
"79";"1"
"79";"7"
"79";"7"
"80";"1"
"80";"7"
"80";"7"
"81";"1"
"81";"7"
"81";"5"
"82";"1"
"82";"7"
"82";"7"
"83";"1"
"83";"7"
"83";"5"
"84";"1"
"84";"7"
"84";"5"
"85";"1"
"85";"7"
"85";"7"
"86";"1"
"86";"7"
"86";"7"
"87";"1"
"87";"7"
"87";"7"
"88";"1"
"88";"7"
"88";"7"
"89";"1"
"89";"7"
"89";"5"
"90";"1"
"90";"7"
"90";"7"
"91";"1"
"91";"7"
"91";"5"
"92";"1"
"92";"7"
"92";"5"
"93";"1"
"93";"7"
"93";"7"
"94";"1"
"94";"7"
"94";"7"
"95";"1"
"95";"7"
"95";"7"
"96";"1"
"96";"7"
"96";"5"
"97";"1"
"97";"7"
"97";"7"
"98";"1"
"98";"7"
"98";"7"
"99";"1"
"99";"7"
"99";"7"
"100";"1"
"100";"7"
"100";"5"
"101";"1"
"101";"7"
"101";"5"
"102";"1"
"102";"7"
"102";"5"
"103";"1"
"103";"7"
"103";"7"
"104";"1"
"104";"7"
"104";"7"
"105";"1"
"105";"7"
"105";"5"
"106";"1"
"106";"7"
"106";"7"
"107";"1"
"107";"7"
"107";"5"
"108";"1"
"108";"7"
"108";"7"
"109";"1"
"109";"7"
"109";"7"
"110";"1"
"110";"7"
"110";"7"
"111";"1"
"111";"7"
"111";"7"
"112";"1"
"112";"7"
"112";"7"
"113";"1"
"113";"7"
"113";"5"
"114";"1"
"114";"7"
"114";"5"
"115";"1"
"115";"7"
"115";"7"
"116";"1"
"116";"7"
"116";"7"
"117";"1"
"117";"7"
"117";"5"
"118";"1"
"118";"7"
"118";"5"
"119";"1"
"119";"7"
"119";"7"
"120";"1"
"120";"7"
"120";"7"
"121";"1"
"121";"7"
"121";"7"
"122";"1"
"122";"7"
"122";"7"
"123";"1"
"123";"7"
"123";"7"
"124";"1"
"124";"7"
"124";"7"
"125";"1"
"125";"7"
"125";"7"
"126";"1"
"126";"7"
"126";"7"
"127";"1"
"127";"7"
"127";"5"
"128";"1"
"128";"7"
"128";"5"
"129";"1"
"129";"7"
"129";"5"
"130";"1"
"130";"7"
"130";"7"
"131";"1"
"131";"7"
"131";"7"
"132";"1"
"132";"7"
"132";"7"
"133";"1"
"133";"7"
"133";"7"
"134";"1"
"134";"7"
"134";"7"
"135";"1"
"135";"7"
"135";"7"
"136";"1"
"136";"7"
"136";"7"
"137";"1"
"137";"7"
"137";"5"
"138";"1"
"138";"7"
"138";"5"
"139";"1"
"139";"7"
"139";"5"
"140";"1"
"140";"7"
"140";"5"
"141";"1"
"141";"7"
"141";"7"
"142";"1"
"142";"7"
"142";"5"
"143";"1"
"143";"7"
"143";"5"
"144";"1"
"144";"7"
"144";"7"
"145";"1"
"145";"7"
"145";"5"
"146";"1"
"146";"7"
"146";"7"
"147";"1"
"147";"7"
"147";"7"
"148";"1"
"148";"7"
"148";"5"
"149";"1"
"149";"7"
"149";"7"
"150";"1"
"150";"7"
"150";"7"
"151";"1"
"151";"7"
"151";"7"
"152";"1"
"152";"7"
"152";"7"
"153";"1"
"153";"7"
"153";"5"
"154";"1"
"154";"7"
"154";"7"
"155";"1"
"155";"7"
"155";"7"
"156";"1"
"156";"7"
"156";"7"
"157";"1"
"157";"7"
"157";"7"
"158";"1"
"158";"7"
"158";"7"
"159";"1"
"159";"7"
"159";"7"
"160";"1"
"160";"7"
"160";"7"
"161";"1"
"161";"7"
"161";"7"
"162";"1"
"162";"7"
"162";"7"
"163";"1"
"163";"7"
"163";"5"
"164";"1"
"164";"7"
"164";"5"
"165";"1"
"165";"7"
"165";"5"
"166";"1"
"166";"7"
"166";"5"
"167";"1"
"167";"7"
"167";"6"
"168";"1"
"168";"7"
"168";"7"
"169";"1"
"169";"7"
"169";"6"
"170";"1"
"170";"7"
"170";"7"
"171";"1"
"171";"7"
"171";"7"
"172";"1"
"172";"7"
"172";"7"
"173";"1"
"173";"7"
"173";"7"
"174";"1"
"174";"7"
"174";"7"
"175";"1"
"175";"7"
"175";"7"
"176";"1"
"176";"7"
"176";"7"
"177";"1"
"177";"7"
"177";"5"
"178";"1"
"178";"7"
"178";"5"
"179";"1"
"179";"7"
"179";"5"
"180";"1"
"180";"7"
"180";"7"
"181";"1"
"181";"7"
"181";"7"
"182";"1"
"182";"7"
"182";"7"
"183";"1"
"183";"7"
"183";"7"
"184";"1"
"184";"7"
"184";"7"
"185";"1"
"185";"7"
"185";"7"
"186";"1"
"186";"7"
"186";"7"
"187";"1"
"187";"7"
"187";"7"
"188";"1"
"188";"7"
"188";"7"
"189";"1"
"189";"7"
"189";"7"
"190";"1"
"190";"7"
"190";"7"
"191";"1"
"191";"7"
"191";"7"
"192";"1"
"192";"7"
"192";"7"
"193";"1"
"193";"7"
"193";"7"
"194";"1"
"194";"7"
"194";"7"
"195";"1"
"195";"7"
"195";"7"
"196";"1"
"196";"7"
"196";"7"
"197";"1"
"197";"7"
"197";"7"
"198";"1"
"198";"7"
"198";"7"
"199";"1"
"199";"7"
"199";"5"
"200";"1"
"200";"7"
"200";"7"
"201";"1"
"201";"7"
"201";"7"
"202";"1"
"202";"7"
"202";"7"
"203";"1"
"203";"7"
"203";"7"
"204";"1"
"204";"7"
"204";"7"
"205";"1"
"205";"7"
"205";"7"
"206";"1"
"206";"7"
"206";"7"
"207";"1"
"207";"7"
"207";"7"
"208";"1"
"208";"7"
"208";"5"
"209";"1"
"209";"7"
"209";"7"
"210";"1"
"210";"7"
"210";"7"
"211";"1"
"211";"7"
"211";"7"
"212";"1"
"212";"7"
"212";"7"
"213";"1"
"213";"7"
"213";"7"
"214";"1"
"214";"7"
"214";"7"
"215";"1"
"215";"7"
"215";"7"
"216";"1"
"216";"7"
"216";"7"
"217";"1"
"217";"7"
"217";"7"
"218";"1"
"218";"7"
"218";"7"
"219";"1"
"219";"7"
"219";"7"
"220";"1"
"220";"7"
"220";"7"
"221";"1"
"221";"7"
"221";"5"
"222";"1"
"222";"7"
"222";"7"
"223";"1"
"223";"7"
"223";"7"
"224";"1"
"224";"7"
"224";"4"
"225";"1"
"225";"7"
"225";"7"
"226";"1"
"226";"7"
"226";"7"
"227";"1"
"227";"7"
"227";"7"
"228";"1"
"228";"7"
"228";"7"
"229";"1"
"229";"7"
"229";"7"
"230";"1"
"230";"7"
"230";"7"
"231";"1"
"231";"7"
"231";"7"
"232";"1"
"232";"7"
"232";"7"
"233";"1"
"233";"7"
"233";"7"
"234";"1"
"234";"7"
"234";"7"
"235";"1"
"235";"7"
"235";"7"
"236";"1"
"236";"7"
"236";"7"
"237";"1"
"237";"7"
"237";"7"
"238";"1"
"238";"7"
"238";"7"
"239";"1"
"239";"7"
"239";"7"
"240";"1"
"240";"7"
"240";"5"
"241";"1"
"241";"7"
"241";"7"
"242";"1"
"242";"7"
"242";"5"
"243";"1"
"243";"7"
"243";"7"
"244";"1"
"244";"7"
"244";"7"
"245";"1"
"245";"7"
"245";"4"
"246";"1"
"246";"7"
"246";"5"
"247";"1"
"247";"7"
"247";"7"
"248";"1"
"248";"7"
"248";"7"
"249";"1"
"249";"7"
"249";"7"
"250";"1"
"250";"7"
"250";"7"
"251";"1"
"251";"7"
"251";"5"
"252";"1"
"252";"7"
"252";"5"
"253";"1"
"253";"7"
"253";"7"
"254";"1"
"254";"7"
"254";"7"
"255";"1"
"255";"7"
"255";"5"
"256";"1"
"256";"7"
"256";"7"
"257";"1"
"257";"7"
"257";"7"
"258";"1"
"258";"7"
"258";"7"
"259";"1"
"259";"7"
"259";"7"
"260";"1"
"260";"7"
"260";"7"
"261";"1"
"261";"7"
"261";"7"
"262";"1"
"262";"7"
"262";"7"
"263";"1"
"263";"7"
"263";"5"
"264";"1"
"264";"7"
"264";"7"
"265";"1"
"265";"7"
"265";"7"
"266";"1"
"266";"7"
"266";"5"
"267";"1"
"267";"7"
"267";"7"
"268";"1"
"268";"7"
"268";"7"
"269";"1"
"269";"7"
"269";"7"
"270";"1"
"270";"7"
"270";"7"
"271";"1"
"271";"7"
"271";"7"
"272";"1"
"272";"7"
"272";"7"
"273";"1"
"273";"7"
"273";"7"
"274";"1"
"274";"7"
"274";"7"
"275";"1"
"275";"7"
"275";"5"
"276";"1"
"276";"7"
"276";"2"
"277";"1"
"277";"7"
"277";"5"
"278";"1"
"278";"7"
"278";"5"
"279";"1"
"279";"7"
"279";"7"
"280";"1"
"280";"7"
"280";"5"
"281";"1"
"281";"7"
"281";"7"
"282";"1"
"282";"7"
"282";"7"
"283";"1"
"283";"7"
"283";"7"
"284";"1"
"284";"7"
"284";"7"
"285";"1"
"285";"7"
"285";"7"
"286";"1"
"286";"7"
"286";"7"
"287";"1"
"287";"7"
"287";"5"
"288";"1"
"288";"7"
"288";"5"
"289";"1"
"289";"7"
"289";"5"
"290";"1"
"290";"7"
"290";"7"
"291";"1"
"291";"7"
"291";"7"
"292";"1"
"292";"7"
"292";"7"
"293";"1"
"293";"7"
"293";"6"
"294";"1"
"294";"7"
"294";"7"
"295";"1"
"295";"7"
"295";"5"
"296";"1"
"296";"7"
"296";"7"
"297";"1"
"297";"7"
"297";"5"
"298";"1"
"298";"7"
"298";"7"
"299";"1"
"299";"7"
"299";"7"
"300";"1"
"300";"7"
"300";"2"
"301";"1"
"301";"7"
"301";"7"
"302";"1"
"302";"7"
"302";"7"
"303";"1"
"303";"7"
"303";"6"
"304";"1"
"304";"7"
"304";"5"
"305";"1"
"305";"7"
"305";"7"
"306";"1"
"306";"7"
"306";"2"
"307";"1"
"307";"7"
"307";"7"
"308";"1"
"308";"7"
"308";"7"
"309";"1"
"309";"7"
"309";"7"
"310";"1"
"310";"7"
"310";"7"
"311";"1"
"311";"7"
"311";"7"
"312";"1"
"312";"7"
"312";"7"
"313";"1"
"313";"7"
"313";"7"
"314";"1"
"314";"7"
"314";"7"
"315";"1"
"315";"7"
"315";"7"
"316";"1"
"316";"7"
"316";"7"
"317";"1"
"317";"7"
"317";"5"
"318";"1"
"318";"7"
"318";"7"
"319";"1"
"319";"7"
"319";"7"
"320";"1"
"320";"7"
"320";"7"
"321";"1"
"321";"7"
"321";"5"
"322";"1"
"322";"7"
"322";"7"
"323";"1"
"323";"7"
"323";"7"
"324";"1"
"324";"7"
"324";"7"
"325";"1"
"325";"7"
"325";"5"
"326";"1"
"326";"7"
"326";"5"
"327";"1"
"327";"7"
"327";"7"
"328";"1"
"328";"7"
"328";"7"
"329";"1"
"329";"7"
"329";"7"
"330";"1"
"330";"7"
"330";"7"
"331";"1"
"331";"7"
"331";"7"
"332";"1"
"332";"7"
"332";"7"
"333";"1"
"333";"7"
"333";"7"
"334";"1"
"334";"7"
"334";"7"
"335";"1"
"335";"7"
"335";"5"
"336";"1"
"336";"7"
"336";"5"
"337";"1"
"337";"7"
"337";"7"
"338";"1"
"338";"7"
"338";"7"
"339";"1"
"339";"7"
"339";"7"
"340";"1"
"340";"7"
"340";"7"
"341";"1"
"341";"7"
"341";"7"
"342";"1"
"342";"7"
"342";"7"
"343";"1"
"343";"7"
"343";"7"
"344";"1"
"344";"7"
"344";"7"
"345";"1"
"345";"7"
"345";"7"
"346";"1"
"346";"7"
"346";"7"
"347";"1"
"347";"7"
"347";"7"
"348";"1"
"348";"7"
"348";"7"
"349";"1"
"349";"7"
"349";"7"
"350";"1"
"350";"7"
"350";"7"
"351";"1"
"351";"7"
"351";"5"
"352";"1"
"352";"7"
"352";"5"
"353";"1"
"353";"7"
"353";"7"
"354";"1"
"354";"7"
"354";"7"
"355";"1"
"355";"7"
"355";"5"
"356";"1"
"356";"7"
"356";"7"
"357";"1"
"357";"7"
"357";"5"
"358";"1"
"358";"7"
"358";"7"
"359";"1"
"359";"7"
"359";"7"
"360";"1"
"360";"7"
"360";"7"
"361";"1"
"361";"7"
"361";"5"
"362";"1"
"362";"7"
"362";"7"
"363";"1"
"363";"7"
"363";"7"
"364";"1"
"364";"7"
"364";"7"
"365";"1"
"365";"7"
"365";"5"
"366";"1"
"366";"7"
"366";"7"
"367";"1"
"367";"7"
"367";"7"
"368";"1"
"368";"7"
"368";"7"
"369";"1"
"369";"7"
"369";"7"
"370";"1"
"370";"7"
"370";"7"
"371";"1"
"371";"7"
"371";"7"
"372";"1"
"372";"7"
"372";"7"
"373";"1"
"373";"7"
"373";"5"
"374";"1"
"374";"7"
"374";"7"
"375";"1"
"375";"7"
"375";"7"
"376";"1"
"376";"7"
"376";"7"
"377";"1"
"377";"7"
"377";"7"
"378";"1"
"378";"7"
"378";"7"
"379";"1"
"379";"7"
"379";"5"
"380";"1"
"380";"7"
"380";"5"
"381";"1"
"381";"7"
"381";"7"
"382";"1"
"382";"7"
"382";"7"
"383";"1"
"383";"7"
"383";"7"
"384";"1"
"384";"7"
"384";"7"
"385";"1"
"385";"7"
"385";"7"
"386";"1"
"386";"7"
"386";"7"
"387";"1"
"387";"7"
"387";"7"
"388";"1"
"388";"7"
"388";"7"
"389";"1"
"389";"7"
"389";"7"
"390";"1"
"390";"7"
"390";"5"
"391";"1"
"391";"7"
"391";"7"
"392";"1"
"392";"7"
"392";"7"
"393";"1"
"393";"7"
"393";"2"
"394";"1"
"394";"7"
"394";"7"
"395";"1"
"395";"7"
"395";"7"
"396";"1"
"396";"7"
"396";"7"
"397";"1"
"397";"7"
"397";"7"
"398";"1"
"398";"7"
"398";"5"
"399";"1"
"399";"7"
"399";"7"
"400";"1"
"400";"7"
"400";"7"
"401";"1"
"401";"7"
"401";"7"
"402";"1"
"402";"7"
"402";"7"
"403";"1"
"403";"7"
"403";"7"
"404";"1"
"404";"7"
"404";"7"
"405";"1"
"405";"7"
"405";"5"
"406";"1"
"406";"7"
"406";"7"
"407";"1"
"407";"7"
"407";"7"
"408";"1"
"408";"7"
"408";"5"
"409";"1"
"409";"7"
"409";"7"
"410";"1"
"410";"7"
"410";"7"
"411";"1"
"411";"7"
"411";"7"
"412";"1"
"412";"7"
"412";"7"
"413";"1"
"413";"7"
"413";"7"
"414";"1"
"414";"7"
"414";"7"
"415";"1"
"415";"7"
"415";"7"
"416";"1"
"416";"7"
"416";"7"
"417";"1"
"417";"7"
"417";"5"
"418";"1"
"418";"7"
"418";"7"
"419";"1"
"419";"7"
"419";"7"
"420";"1"
"420";"7"
"420";"7"
"421";"1"
"421";"7"
"421";"7"
"422";"1"
"422";"7"
"422";"7"
"423";"1"
"423";"7"
"423";"7"
"424";"1"
"424";"7"
"424";"5"
"425";"1"
"425";"7"
"425";"7"
"426";"1"
"426";"7"
"426";"7"
"427";"1"
"427";"7"
"427";"7"
"428";"1"
"428";"7"
"428";"7"
"429";"1"
"429";"7"
"429";"7"
"430";"1"
"430";"7"
"430";"5"
"431";"1"
"431";"7"
"431";"7"
"432";"1"
"432";"7"
"432";"7"
"433";"1"
"433";"7"
"433";"7"
"434";"1"
"434";"7"
"434";"5"
"435";"1"
"435";"7"
"435";"7"
"436";"1"
"436";"7"
"436";"5"
"437";"1"
"437";"7"
"437";"5"
"438";"1"
"438";"7"
"438";"7"
"439";"1"
"439";"7"
"439";"5"
"440";"1"
"440";"7"
"440";"7"
"441";"1"
"441";"7"
"441";"7"
"442";"1"
"442";"7"
"442";"7"
"443";"1"
"443";"7"
"443";"7"
"444";"1"
"444";"7"
"444";"5"
"445";"1"
"445";"7"
"445";"7"
"446";"1"
"446";"7"
"446";"7"
"447";"1"
"447";"7"
"447";"7"
"448";"1"
"448";"7"
"448";"7"
"449";"1"
"449";"7"
"449";"7"
"450";"1"
"450";"7"
"450";"2"
"451";"1"
"451";"7"
"451";"7"
"452";"1"
"452";"7"
"452";"7"
"453";"1"
"453";"7"
"453";"7"
"454";"1"
"454";"7"
"454";"7"
"455";"1"
"455";"7"
"455";"7"
"456";"1"
"456";"7"
"456";"7"
"457";"1"
"457";"7"
"457";"7"
"458";"1"
"458";"7"
"458";"7"
"459";"1"
"459";"7"
"459";"7"
"460";"1"
"460";"7"
"460";"7"
"461";"1"
"461";"7"
"461";"7"
"462";"1"
"462";"7"
"462";"7"
"463";"1"
"463";"7"
"463";"7"
"464";"1"
"464";"7"
"464";"7"
"465";"1"
"465";"7"
"465";"5"
"466";"1"
"466";"7"
"466";"7"
"467";"1"
"467";"7"
"467";"5"
"468";"1"
"468";"7"
"468";"7"
"469";"1"
"469";"7"
"469";"7"
"470";"1"
"470";"7"
"470";"5"
"471";"1"
"471";"7"
"471";"7"
"472";"1"
"472";"7"
"472";"7"
"473";"1"
"473";"7"
"473";"7"
"474";"1"
"474";"7"
"474";"7"
"475";"1"
"475";"7"
"475";"7"
"476";"1"
"476";"7"
"476";"7"
"477";"1"
"477";"7"
"477";"7"
"478";"1"
"478";"7"
"478";"7"
"479";"1"
"479";"7"
"479";"7"
"480";"1"
"480";"7"
"480";"7"
"481";"1"
"481";"7"
"481";"7"
"482";"1"
"482";"7"
"482";"5"
"483";"1"
"483";"7"
"483";"5"
"484";"1"
"484";"7"
"484";"7"
"485";"1"
"485";"7"
"485";"7"
"486";"1"
"486";"7"
"486";"7"
"487";"1"
"487";"7"
"487";"7"
"488";"1"
"488";"7"
"488";"7"
"489";"1"
"489";"7"
"489";"7"
"490";"1"
"490";"7"
"490";"5"
"491";"1"
"491";"7"
"491";"7"
"492";"1"
"492";"7"
"492";"2"
"493";"1"
"493";"7"
"493";"7"
"494";"1"
"494";"7"
"494";"5"
"495";"1"
"495";"7"
"495";"7"
"496";"1"
"496";"7"
"496";"7"
"497";"1"
"497";"7"
"497";"7"
"498";"1"
"498";"7"
"498";"5"
"499";"1"
"499";"7"
"499";"5"
"500";"1"
"500";"7"
"500";"5"
"501";"1"
"501";"7"
"501";"2"
"502";"1"
"502";"7"
"502";"7"
"503";"1"
"503";"7"
"503";"5"
"504";"1"
"504";"7"
"504";"7"
"505";"1"
"505";"7"
"505";"7"
"506";"1"
"506";"7"
"506";"7"
"507";"1"
"507";"7"
"507";"5"
"508";"1"
"508";"7"
"508";"7"
"509";"1"
"509";"7"
"509";"5"
"510";"1"
"510";"7"
"510";"7"
"511";"1"
"511";"7"
"511";"7"
"512";"1"
"512";"7"
"512";"7"
"513";"1"
"513";"7"
"513";"7"
"514";"1"
"514";"7"
"514";"7"
"515";"1"
"515";"7"
"515";"7"
"516";"1"
"516";"7"
"516";"7"
"517";"1"
"517";"7"
"517";"7"
"518";"1"
"518";"7"
"518";"5"
"519";"1"
"519";"7"
"519";"7"
"520";"1"
"520";"7"
"520";"5"
"521";"1"
"521";"7"
"521";"7"
"522";"1"
"522";"7"
"522";"5"
"523";"1"
"523";"7"
"523";"7"
"524";"1"
"524";"7"
"524";"7"
"525";"1"
"525";"7"
"525";"5"
"526";"1"
"526";"7"
"526";"5"
"527";"1"
"527";"7"
"527";"4"
"528";"1"
"528";"7"
"528";"7"
"529";"1"
"529";"7"
"529";"7"
"530";"1"
"530";"7"
"530";"7"
"531";"1"
"531";"7"
"531";"7"
"532";"1"
"532";"7"
"532";"7"
"533";"1"
"533";"7"
"533";"7"
"534";"1"
"534";"7"
"534";"7"
"535";"1"
"535";"7"
"535";"7"
"536";"1"
"536";"7"
"536";"7"
"537";"1"
"537";"7"
"537";"7"
"538";"1"
"538";"7"
"538";"5"
"539";"1"
"539";"7"
"539";"7"
"540";"1"
"540";"7"
"540";"7"
"541";"1"
"541";"7"
"541";"7"
"542";"1"
"542";"7"
"542";"5"
"543";"1"
"543";"7"
"543";"7"
"544";"1"
"544";"7"
"544";"7"
"545";"1"
"545";"7"
"545";"7"
"546";"1"
"546";"7"
"546";"7"
"547";"1"
"547";"7"
"547";"5"
"548";"1"
"548";"7"
"548";"7"
"549";"1"
"549";"7"
"549";"7"
"550";"1"
"550";"7"
"550";"7"
"551";"1"
"551";"7"
"551";"7"
"552";"1"
"552";"7"
"552";"5"
"553";"1"
"553";"7"
"553";"7"
"554";"1"
"554";"7"
"554";"7"
"555";"1"
"555";"7"
"555";"7"
"556";"1"
"556";"7"
"556";"7"
"557";"1"
"557";"7"
"557";"7"
"558";"1"
"558";"7"
"558";"7"
"559";"1"
"559";"7"
"559";"7"
"560";"1"
"560";"7"
"560";"5"
"561";"1"
"561";"7"
"561";"7"
"562";"1"
"562";"7"
"562";"7"
"563";"1"
"563";"7"
"563";"7"
"564";"1"
"564";"7"
"564";"7"
"565";"1"
"565";"7"
"565";"5"
"566";"1"
"566";"7"
"566";"7"
"567";"1"
"567";"7"
"567";"7"
"568";"1"
"568";"7"
"568";"7"
"569";"1"
"569";"7"
"569";"5"
"570";"1"
"570";"7"
"570";"7"
"571";"1"
"571";"7"
"571";"7"
"572";"1"
"572";"7"
"572";"7"
"573";"1"
"573";"7"
"573";"5"
"574";"1"
"574";"7"
"574";"7"
"575";"1"
"575";"7"
"575";"7"
"576";"1"
"576";"7"
"576";"7"
"577";"1"
"577";"7"
"577";"7"
"578";"1"
"578";"7"
"578";"7"
"579";"1"
"579";"7"
"579";"5"
"580";"1"
"580";"7"
"580";"7"
"581";"1"
"581";"7"
"581";"7"
"582";"1"
"582";"7"
"582";"5"
"583";"1"
"583";"7"
"583";"7"
"584";"1"
"584";"7"
"584";"7"
"585";"1"
"585";"7"
"585";"7"
"586";"1"
"586";"7"
"586";"5"
"587";"1"
"587";"7"
"587";"7"
"588";"1"
"588";"7"
"588";"7"
"589";"1"
"589";"7"
"589";"7"
"590";"1"
"590";"7"
"590";"5"
"591";"1"
"591";"7"
"591";"5"
"592";"1"
"592";"7"
"592";"5"
"593";"1"
"593";"7"
"593";"7"
"594";"1"
"594";"7"
"594";"5"
"595";"1"
"595";"7"
"595";"7"
"596";"1"
"596";"7"
"596";"7"
"597";"1"
"597";"7"
"597";"7"
"598";"1"
"598";"7"
"598";"5"
"599";"1"
"599";"7"
"599";"5"
"600";"1"
"600";"7"
"600";"5"
"601";"1"
"601";"7"
"601";"5"
"602";"1"
"602";"7"
"602";"7"
"603";"1"
"603";"7"
"603";"7"
"604";"1"
"604";"7"
"604";"5"
"605";"1"
"605";"7"
"605";"7"
"606";"1"
"606";"7"
"606";"5"
"607";"1"
"607";"7"
"607";"7"
"608";"1"
"608";"7"
"608";"7"
"609";"1"
"609";"7"
"609";"7"
"610";"1"
"610";"7"
"610";"7"
"611";"1"
"611";"7"
"611";"5"
"612";"1"
"612";"7"
"612";"7"
"613";"1"
"613";"7"
"613";"5"
"614";"1"
"614";"7"
"614";"7"
"615";"1"
"615";"7"
"615";"7"
"616";"1"
"616";"7"
"616";"5"
"617";"1"
"617";"7"
"617";"7"
"618";"1"
"618";"7"
"618";"5"
"619";"1"
"619";"7"
"619";"7"
"620";"1"
"620";"7"
"620";"7"
"621";"1"
"621";"7"
"621";"7"
"622";"1"
"622";"7"
"622";"7"
"623";"1"
"623";"7"
"623";"7"
"624";"1"
"624";"7"
"624";"5"
"625";"1"
"625";"7"
"625";"7"
"626";"1"
"626";"7"
"626";"5"
"627";"1"
"627";"7"
"627";"7"
"628";"1"
"628";"7"
"628";"7"
"629";"1"
"629";"7"
"629";"5"
"630";"1"
"630";"7"
"630";"7"
"631";"1"
"631";"7"
"631";"7"
"632";"1"
"632";"7"
"632";"7"
"633";"1"
"633";"7"
"633";"5"
"634";"1"
"634";"7"
"634";"7"
"635";"1"
"635";"7"
"635";"5"
"636";"1"
"636";"7"
"636";"7"
"637";"1"
"637";"7"
"637";"7"
"638";"1"
"638";"7"
"638";"7"
"639";"1"
"639";"7"
"639";"7"
"640";"1"
"640";"7"
"640";"7"
"641";"1"
"641";"7"
"641";"5"
"642";"1"
"642";"7"
"642";"5"
"643";"1"
"643";"7"
"643";"5"
"644";"1"
"644";"7"
"644";"7"
"645";"1"
"645";"7"
"645";"7"
"646";"1"
"646";"7"
"646";"7"
"647";"1"
"647";"7"
"647";"7"
"648";"1"
"648";"7"
"648";"7"
"649";"1"
"649";"7"
"649";"5"
"650";"1"
"650";"7"
"650";"5"
"651";"1"
"651";"7"
"651";"5"
"652";"1"
"652";"7"
"652";"7"
"653";"1"
"653";"7"
"653";"7"
"654";"1"
"654";"7"
"654";"7"
"655";"1"
"655";"7"
"655";"5"
"656";"1"
"656";"7"
"656";"7"
"657";"1"
"657";"7"
"657";"7"
"658";"1"
"658";"7"
"658";"5"
"659";"1"
"659";"7"
"659";"7"
"660";"1"
"660";"7"
"660";"7"
"661";"1"
"661";"7"
"661";"7"
"662";"1"
"662";"7"
"662";"5"
"663";"1"
"663";"7"
"663";"5"
"664";"1"
"664";"7"
"664";"7"
"665";"1"
"665";"7"
"665";"5"
"666";"1"
"666";"7"
"666";"7"
"667";"1"
"667";"7"
"667";"7"
"668";"1"
"668";"7"
"668";"7"
"669";"1"
"669";"7"
"669";"5"
"670";"1"
"670";"7"
"670";"7"
"671";"1"
"671";"7"
"671";"5"
"672";"1"
"672";"7"
"672";"22"
"673";"1"
"673";"7"
"673";"7"
"674";"1"
"674";"7"
"674";"7"
"675";"1"
"675";"7"
"675";"7"
"676";"1"
"676";"7"
"676";"7"
"677";"1"
"677";"7"
"677";"7"
"678";"1"
"678";"7"
"678";"5"
"679";"1"
"679";"7"
"679";"5"
"680";"1"
"680";"7"
"680";"5"
"681";"1"
"681";"7"
"681";"7"
"682";"1"
"682";"7"
"682";"5"
"683";"1"
"683";"7"
"683";"5"
"684";"1"
"684";"7"
"684";"7"
"685";"1"
"685";"7"
"685";"7"
"686";"1"
"686";"7"
"686";"5"
"687";"1"
"687";"7"
"687";"5"
"688";"1"
"688";"7"
"688";"7"
"689";"1"
"689";"7"
"689";"5"
"690";"1"
"690";"7"
"690";"5"
"691";"1"
"691";"7"
"691";"7"
"692";"1"
"692";"7"
"692";"7"
"693";"1"
"693";"7"
"693";"5"
"694";"1"
"694";"7"
"694";"7"
"695";"1"
"695";"7"
"695";"7"
"696";"1"
"696";"7"
"696";"7"
"697";"1"
"697";"7"
"697";"7"
"698";"1"
"698";"7"
"698";"7"
"699";"1"
"699";"7"
"699";"7"
"700";"1"
"700";"7"
"700";"5"
"701";"1"
"701";"7"
"701";"7"
"702";"1"
"702";"7"
"702";"7"
"703";"1"
"703";"7"
"703";"7"
"704";"1"
"704";"7"
"704";"5"
"705";"1"
"705";"7"
"705";"5"
"706";"1"
"706";"7"
"706";"5"
"707";"1"
"707";"7"
"707";"7"
"708";"1"
"708";"7"
"708";"5"
"709";"1"
"709";"7"
"709";"7"
"710";"1"
"710";"7"
"710";"5"
"711";"1"
"711";"7"
"711";"7"
"712";"1"
"712";"7"
"712";"7"
"713";"1"
"713";"7"
"713";"7"
"714";"1"
"714";"7"
"714";"7"
"715";"1"
"715";"7"
"715";"7"
"716";"1"
"716";"7"
"716";"7"
"717";"1"
"717";"7"
"717";"7"
"718";"1"
"718";"7"
"718";"5"
"719";"1"
"719";"7"
"719";"7"
"720";"1"
"720";"7"
"720";"5"
"721";"1"
"721";"7"
"721";"7"
"722";"1"
"722";"7"
"722";"7"
"723";"1"
"723";"7"
"723";"5"
"724";"1"
"724";"7"
"724";"7"
"725";"1"
"725";"7"
"725";"5"
"726";"1"
"726";"7"
"726";"5"
"727";"1"
"727";"7"
"727";"5"
"728";"1"
"728";"7"
"728";"5"
"729";"1"
"729";"7"
"729";"7"
"730";"1"
"730";"7"
"730";"7"
"731";"1"
"731";"7"
"731";"7"
"732";"1"
"732";"7"
"732";"5"
"733";"1"
"733";"7"
"733";"7"
"734";"1"
"734";"7"
"734";"7"
"735";"1"
"735";"7"
"735";"7"
"736";"1"
"736";"7"
"736";"7"
"737";"1"
"737";"7"
"737";"7"
"738";"1"
"738";"7"
"738";"5"
"739";"1"
"739";"7"
"739";"5"
"740";"1"
"740";"7"
"740";"7"
"741";"1"
"741";"7"
"741";"7"
"742";"1"
"742";"7"
"742";"7"
"743";"1"
"743";"7"
"743";"7"
"744";"1"
"744";"7"
"744";"5"
"745";"1"
"745";"7"
"745";"5"
"746";"1"
"746";"7"
"746";"7"
"747";"1"
"747";"7"
"747";"5"
"748";"1"
"748";"7"
"748";"7"
"749";"1"
"749";"7"
"749";"7"
"750";"1"
"750";"7"
"750";"7"
"751";"1"
"751";"7"
"751";"5"
"752";"1"
"752";"7"
"752";"7"
"753";"1"
"753";"7"
"753";"7"
"754";"1"
"754";"7"
"754";"5"
"755";"1"
"755";"7"
"755";"7"
"756";"1"
"756";"7"
"756";"7"
"757";"1"
"757";"7"
"757";"7"
"758";"1"
"758";"7"
"758";"7"
"759";"1"
"759";"7"
"759";"7"
"760";"1"
"760";"7"
"760";"7"
"761";"1"
"761";"7"
"761";"5"
"762";"1"
"762";"7"
"762";"7"
"763";"1"
"763";"7"
"763";"7"
"764";"1"
"764";"7"
"764";"5"
"765";"1"
"765";"7"
"765";"7"
"766";"1"
"766";"7"
"766";"5"
"767";"1"
"767";"7"
"767";"7"
"768";"1"
"768";"7"
"768";"7"
"769";"1"
"769";"7"
"769";"22"
"770";"1"
"770";"7"
"770";"7"
"771";"1"
"771";"7"
"771";"5"
"772";"1"
"772";"7"
"772";"7"
"773";"1"
"773";"7"
"773";"5"
"774";"1"
"774";"7"
"774";"7"
"775";"1"
"775";"7"
"775";"5"
"776";"1"
"776";"7"
"776";"5"
"777";"1"
"777";"7"
"777";"7"
"778";"1"
"778";"7"
"778";"7"
"779";"1"
"779";"7"
"779";"5"
"780";"1"
"780";"7"
"780";"5"
"781";"1"
"781";"7"
"781";"5"
"782";"1"
"782";"7"
"782";"5"
"783";"1"
"783";"7"
"783";"7"
"784";"1"
"784";"7"
"784";"5"
"785";"1"
"785";"7"
"785";"5"
"786";"1"
"786";"7"
"786";"7"
"787";"1"
"787";"7"
"787";"7"
"788";"1"
"788";"7"
"788";"7"
"789";"1"
"789";"7"
"789";"7"
"790";"1"
"790";"7"
"790";"7"
"791";"1"
"791";"7"
"791";"5"
"792";"1"
"792";"7"
"792";"2"
"793";"1"
"793";"7"
"793";"7"
"794";"1"
"794";"7"
"794";"5"
"795";"1"
"795";"7"
"795";"5"
"796";"1"
"796";"7"
"796";"7"
"797";"1"
"797";"7"
"797";"7"
"798";"1"
"798";"7"
"798";"5"
"799";"1"
"799";"7"
"799";"7"
"800";"1"
"800";"7"
"800";"7"
"801";"1"
"801";"7"
"801";"7"
"802";"1"
"802";"7"
"802";"7"
"803";"1"
"803";"7"
"803";"7"
"804";"1"
"804";"7"
"804";"5"
"805";"1"
"805";"7"
"805";"5"
"806";"1"
"806";"7"
"806";"7"
"807";"1"
"807";"7"
"807";"5"
"808";"1"
"808";"7"
"808";"6"
"809";"1"
"809";"7"
"809";"5"
"810";"1"
"810";"7"
"810";"7"
"811";"1"
"811";"7"
"811";"2"
"812";"1"
"812";"7"
"812";"5"
"813";"1"
"813";"7"
"813";"7"
"814";"1"
"814";"7"
"814";"7"
"815";"1"
"815";"7"
"815";"7"
"816";"1"
"816";"7"
"816";"7"
"817";"1"
"817";"7"
"817";"7"
"818";"1"
"818";"7"
"818";"7"
"819";"1"
"819";"7"
"819";"5"
"820";"1"
"820";"7"
"820";"5"
"821";"1"
"821";"7"
"821";"5"
"822";"1"
"822";"7"
"822";"7"
"823";"1"
"823";"7"
"823";"5"
"824";"1"
"824";"7"
"824";"7"
"825";"1"
"825";"7"
"825";"7"
"826";"1"
"826";"7"
"826";"7"
"827";"1"
"827";"7"
"827";"5"
"828";"1"
"828";"7"
"828";"22"
"829";"1"
"829";"7"
"829";"5"
"830";"1"
"830";"7"
"830";"7"
"831";"1"
"831";"7"
"831";"7"
"832";"1"
"832";"7"
"832";"7"
"833";"1"
"833";"7"
"833";"5"
"834";"1"
"834";"7"
"834";"7"
"835";"1"
"835";"7"
"835";"7"
"836";"1"
"836";"7"
"836";"7"
"837";"1"
"837";"7"
"837";"5"
"838";"1"
"838";"7"
"838";"5"
"839";"1"
"839";"7"
"839";"7"
"840";"1"
"840";"7"
"840";"7"
"841";"1"
"841";"7"
"841";"7"
"842";"1"
"842";"7"
"842";"7"
"843";"1"
"843";"7"
"843";"5"
"844";"1"
"844";"7"
"844";"5"
"845";"1"
"845";"7"
"845";"5"
"846";"1"
"846";"7"
"846";"7"
"847";"1"
"847";"7"
"847";"7"
"848";"1"
"848";"7"
"848";"7"
"849";"1"
"849";"7"
"849";"7"
"850";"1"
"850";"7"
"850";"4"
"851";"1"
"851";"7"
"851";"7"
"852";"1"
"852";"7"
"852";"7"
"853";"1"
"853";"7"
"853";"5"
"854";"1"
"854";"7"
"854";"5"
"855";"1"
"855";"7"
"855";"7"
"856";"1"
"856";"7"
"856";"5"
"857";"1"
"857";"7"
"857";"7"
"858";"1"
"858";"7"
"858";"7"
"859";"1"
"859";"7"
"859";"7"
"860";"1"
"860";"7"
"860";"7"
"861";"1"
"861";"7"
"861";"7"
"862";"1"
"862";"7"
"862";"7"
"863";"1"
"863";"7"
"863";"7"
"864";"1"
"864";"7"
"864";"7"
"865";"1"
"865";"7"
"865";"7"
"866";"1"
"866";"7"
"866";"7"
"867";"1"
"867";"7"
"867";"5"
"868";"1"
"868";"7"
"868";"7"
"869";"1"
"869";"7"
"869";"7"
"870";"1"
"870";"7"
"870";"7"
"871";"1"
"871";"7"
"871";"5"
"872";"1"
"872";"7"
"872";"7"
"873";"1"
"873";"7"
"873";"7"
"874";"1"
"874";"7"
"874";"7"
"875";"1"
"875";"7"
"875";"5"
"876";"1"
"876";"7"
"876";"7"
"877";"1"
"877";"7"
"877";"5"
"878";"1"
"878";"7"
"878";"5"
"879";"1"
"879";"7"
"879";"5"
"880";"1"
"880";"7"
"880";"5"
"881";"1"
"881";"7"
"881";"5"
"882";"1"
"882";"7"
"882";"7"
"883";"1"
"883";"7"
"883";"7"
"884";"1"
"884";"7"
"884";"7"
"885";"1"
"885";"7"
"885";"5"
"886";"1"
"886";"7"
"886";"7"
"887";"1"
"887";"7"
"887";"7"
"888";"1"
"888";"7"
"888";"5"
"889";"1"
"889";"7"
"889";"2"
"890";"1"
"890";"7"
"890";"7"
"891";"1"
"891";"7"
"891";"5"
"892";"1"
"892";"7"
"892";"7"
"893";"1"
"893";"7"
"893";"5"
"894";"1"
"894";"7"
"894";"5"
"895";"1"
"895";"7"
"895";"7"
"896";"1"
"896";"7"
"896";"7"
"897";"1"
"897";"7"
"897";"7"
"898";"1"
"898";"7"
"898";"5"
"899";"1"
"899";"7"
"899";"7"
"900";"1"
"900";"7"
"900";"5"
"901";"1"
"901";"7"
"901";"7"
"902";"1"
"902";"7"
"902";"7"
"903";"1"
"903";"7"
"903";"7"
"904";"1"
"904";"7"
"904";"7"
"905";"1"
"905";"7"
"905";"7"
"906";"1"
"906";"7"
"906";"7"
"907";"1"
"907";"7"
"907";"7"
"908";"1"
"908";"7"
"908";"7"
"909";"1"
"909";"7"
"909";"7"
"910";"1"
"910";"7"
"910";"7"
"911";"1"
"911";"7"
"911";"5"
"912";"1"
"912";"7"
"912";"5"
"913";"1"
"913";"7"
"913";"5"
"914";"7"
"914";"7"
"914";"9"
"915";"7"
"915";"7"
"915";"9"
"916";"7"
"916";"7"
"916";"7"
"917";"7"
"917";"7"
"917";"7"
"918";"7"
"918";"7"
"918";"7"
"919";"7"
"919";"7"
"919";"7"
"920";"7"
"920";"7"
"920";"7"
"921";"7"
"921";"7"
"921";"7"
"922";"7"
"922";"7"
"922";"7"
"923";"7"
"923";"7"
"923";"9"
"924";"7"
"924";"7"
"924";"9"
"925";"7"
"925";"7"
"925";"7"
"926";"7"
"926";"7"
"926";"9"
"927";"7"
"927";"7"
"927";"9"
"928";"7"
"928";"7"
"928";"7"
"929";"7"
"929";"7"
"929";"7"
"930";"7"
"930";"7"
"930";"9"
"931";"7"
"931";"7"
"931";"7"
"932";"7"
"932";"7"
"932";"7"
"933";"7"
"933";"7"
"933";"7"
"934";"7"
"934";"7"
"934";"7"
"935";"7"
"935";"7"
"935";"7"
"936";"7"
"936";"7"
"936";"7"
"937";"7"
"937";"7"
"937";"7"
"938";"7"
"938";"7"
"938";"9"
"939";"7"
"939";"7"
"939";"9"
"940";"7"
"940";"7"
"940";"7"
"941";"7"
"941";"7"
"941";"7"
"942";"7"
"942";"7"
"942";"9"
"943";"7"
"943";"7"
"943";"9"
"944";"7"
"944";"7"
"944";"7"
"945";"7"
"945";"7"
"945";"9"
"946";"7"
"946";"7"
"946";"11"
"947";"7"
"947";"7"
"947";"7"
"948";"7"
"948";"7"
"948";"7"
"949";"7"
"949";"7"
"949";"7"
"950";"7"
"950";"7"
"950";"7"
"951";"7"
"951";"7"
"951";"7"
"952";"7"
"952";"7"
"952";"9"
"953";"7"
"953";"7"
"953";"7"
"954";"7"
"954";"7"
"954";"7"
"955";"7"
"955";"7"
"955";"7"
"956";"7"
"956";"7"
"956";"9"
"957";"7"
"957";"7"
"957";"9"
"958";"7"
"958";"7"
"958";"7"
"959";"7"
"959";"7"
"959";"7"
"960";"7"
"960";"7"
"960";"7"
"961";"7"
"961";"7"
"961";"7"
"962";"7"
"962";"7"
"962";"7"
"963";"7"
"963";"7"
"963";"9"
"964";"7"
"964";"7"
"964";"7"
"965";"7"
"965";"7"
"965";"9"
"966";"7"
"966";"7"
"966";"7"
"967";"7"
"967";"7"
"967";"9"
"968";"7"
"968";"7"
"968";"9"
"969";"7"
"969";"7"
"969";"7"
"970";"7"
"970";"7"
"970";"9"
"971";"7"
"971";"7"
"971";"7"
"972";"7"
"972";"7"
"972";"7"
"973";"7"
"973";"7"
"973";"10"
"974";"7"
"974";"7"
"974";"9"
"975";"7"
"975";"7"
"975";"7"
"976";"7"
"976";"7"
"976";"7"
"977";"7"
"977";"7"
"977";"7"
"978";"7"
"978";"7"
"978";"7"
"979";"7"
"979";"7"
"979";"7"
"980";"7"
"980";"7"
"980";"9"
"981";"7"
"981";"7"
"981";"7"
"982";"7"
"982";"7"
"982";"7"
"983";"7"
"983";"7"
"983";"7"
"984";"7"
"984";"7"
"984";"7"
"985";"7"
"985";"7"
"985";"9"
"986";"7"
"986";"7"
"986";"7"
"987";"7"
"987";"7"
"987";"7"
"988";"7"
"988";"7"
"988";"7"
"989";"7"
"989";"7"
"989";"7"
"990";"7"
"990";"7"
"990";"7"
"991";"7"
"991";"7"
"991";"7"
"992";"7"
"992";"7"
"992";"7"
"993";"7"
"993";"7"
"993";"7"
"994";"7"
"994";"7"
"994";"7"
"995";"7"
"995";"7"
"995";"9"
"996";"7"
"996";"7"
"996";"11"
"997";"7"
"997";"7"
"997";"9"
"998";"7"
"998";"7"
"998";"9"
"999";"7"
"999";"7"
"999";"9"
"1000";"7"
"1000";"7"
"1000";"9"
"1001";"7"
"1001";"7"
"1001";"7"
"1002";"7"
"1002";"7"
"1002";"7"
"1003";"7"
"1003";"7"
"1003";"9"
"1004";"7"
"1004";"7"
"1004";"7"
"1005";"7"
"1005";"7"
"1005";"9"
"1006";"7"
"1006";"7"
"1006";"7"
"1007";"7"
"1007";"7"
"1007";"7"
"1008";"7"
"1008";"7"
"1008";"7"
"1009";"7"
"1009";"7"
"1009";"7"
"1010";"7"
"1010";"7"
"1010";"7"
"1011";"7"
"1011";"7"
"1011";"7"
"1012";"7"
"1012";"7"
"1012";"7"
"1013";"7"
"1013";"7"
"1013";"7"
"1014";"7"
"1014";"7"
"1014";"7"
"1015";"7"
"1015";"7"
"1015";"7"
"1016";"7"
"1016";"7"
"1016";"7"
"1017";"7"
"1017";"7"
"1017";"7"
"1018";"7"
"1018";"7"
"1018";"9"
"1019";"7"
"1019";"7"
"1019";"7"
"1020";"7"
"1020";"7"
"1020";"9"
"1021";"7"
"1021";"7"
"1021";"7"
"1022";"7"
"1022";"7"
"1022";"7"
"1023";"7"
"1023";"7"
"1023";"7"
"1024";"7"
"1024";"7"
"1024";"9"
"1025";"7"
"1025";"7"
"1025";"7"
"1026";"7"
"1026";"7"
"1026";"9"
"1027";"7"
"1027";"7"
"1027";"9"
"1028";"7"
"1028";"7"
"1028";"9"
"1029";"7"
"1029";"7"
"1029";"9"
"1030";"7"
"1030";"7"
"1030";"7"
"1031";"7"
"1031";"7"
"1031";"7"
"1032";"7"
"1032";"7"
"1032";"7"
"1033";"7"
"1033";"7"
"1033";"9"
"1034";"7"
"1034";"7"
"1034";"7"
"1035";"7"
"1035";"7"
"1035";"7"
"1036";"7"
"1036";"7"
"1036";"11"
"1037";"7"
"1037";"7"
"1037";"7"
"1038";"7"
"1038";"7"
"1038";"7"
"1039";"7"
"1039";"7"
"1039";"9"
"1040";"7"
"1040";"7"
"1040";"7"
"1041";"7"
"1041";"7"
"1041";"9"
"1042";"7"
"1042";"7"
"1042";"7"
"1043";"7"
"1043";"7"
"1043";"7"
"1044";"7"
"1044";"7"
"1044";"7"
"1045";"7"
"1045";"7"
"1045";"7"
"1046";"7"
"1046";"7"
"1046";"7"
"1047";"7"
"1047";"7"
"1047";"7"
"1048";"7"
"1048";"7"
"1048";"7"
"1049";"7"
"1049";"7"
"1049";"7"
"1050";"7"
"1050";"7"
"1050";"7"
"1051";"7"
"1051";"7"
"1051";"7"
"1052";"7"
"1052";"7"
"1052";"7"
"1053";"7"
"1053";"7"
"1053";"7"
"1054";"7"
"1054";"7"
"1054";"7"
"1055";"7"
"1055";"7"
"1055";"7"
"1056";"7"
"1056";"7"
"1056";"7"
"1057";"7"
"1057";"7"
"1057";"9"
"1058";"7"
"1058";"7"
"1058";"7"
"1059";"7"
"1059";"7"
"1059";"7"
"1060";"7"
"1060";"7"
"1060";"9"
"1061";"7"
"1061";"7"
"1061";"7"
"1062";"7"
"1062";"7"
"1062";"7"
"1063";"7"
"1063";"7"
"1063";"7"
"1064";"7"
"1064";"7"
"1064";"7"
"1065";"7"
"1065";"7"
"1065";"7"
"1066";"7"
"1066";"7"
"1066";"7"
"1067";"7"
"1067";"7"
"1067";"7"
"1068";"7"
"1068";"7"
"1068";"7"
"1069";"7"
"1069";"7"
"1069";"7"
"1070";"7"
"1070";"7"
"1070";"7"
"1071";"7"
"1071";"7"
"1071";"7"
"1072";"7"
"1072";"7"
"1072";"7"
"1073";"7"
"1073";"7"
"1073";"11"
"1074";"7"
"1074";"7"
"1074";"7"
"1075";"7"
"1075";"7"
"1075";"7"
"1076";"7"
"1076";"7"
"1076";"7"
"1077";"7"
"1077";"7"
"1077";"7"
"1078";"7"
"1078";"7"
"1078";"7"
"1079";"7"
"1079";"7"
"1079";"7"
"1080";"7"
"1080";"7"
"1080";"7"
"1081";"7"
"1081";"7"
"1081";"7"
"1082";"7"
"1082";"7"
"1082";"7"
"1083";"7"
"1083";"7"
"1083";"7"
"1084";"7"
"1084";"7"
"1084";"7"
"1085";"7"
"1085";"7"
"1085";"7"
"1086";"7"
"1086";"7"
"1086";"7"
"1087";"7"
"1087";"7"
"1087";"9"
"1088";"7"
"1088";"7"
"1088";"7"
"1089";"7"
"1089";"7"
"1089";"9"
"1090";"7"
"1090";"7"
"1090";"7"
"1091";"7"
"1091";"7"
"1091";"9"
"1092";"7"
"1092";"7"
"1092";"9"
"1093";"7"
"1093";"7"
"1093";"7"
"1094";"7"
"1094";"7"
"1094";"7"
"1095";"7"
"1095";"7"
"1095";"7"
"1096";"7"
"1096";"7"
"1096";"9"
"1097";"7"
"1097";"7"
"1097";"9"
"1098";"7"
"1098";"7"
"1098";"7"
"1099";"7"
"1099";"7"
"1099";"7"
"1100";"7"
"1100";"7"
"1100";"9"
"1101";"7"
"1101";"7"
"1101";"7"
"1102";"7"
"1102";"7"
"1102";"7"
"1103";"7"
"1103";"7"
"1103";"7"
"1104";"7"
"1104";"7"
"1104";"7"
"1105";"7"
"1105";"7"
"1105";"7"
"1106";"7"
"1106";"7"
"1106";"7"
"1107";"7"
"1107";"7"
"1107";"7"
"1108";"7"
"1108";"7"
"1108";"9"
"1109";"7"
"1109";"7"
"1109";"7"
"1110";"7"
"1110";"7"
"1110";"7"
"1111";"7"
"1111";"7"
"1111";"11"
"1112";"7"
"1112";"7"
"1112";"9"
"1113";"7"
"1113";"7"
"1113";"7"
"1114";"7"
"1114";"7"
"1114";"9"
"1115";"7"
"1115";"7"
"1115";"7"
"1116";"7"
"1116";"7"
"1116";"7"
"1117";"7"
"1117";"7"
"1117";"7"
"1118";"7"
"1118";"7"
"1118";"7"
"1119";"7"
"1119";"7"
"1119";"7"
"1120";"7"
"1120";"7"
"1120";"7"
"1121";"7"
"1121";"7"
"1121";"7"
"1122";"7"
"1122";"7"
"1122";"7"
"1123";"7"
"1123";"7"
"1123";"7"
"1124";"7"
"1124";"7"
"1124";"7"
"1125";"7"
"1125";"7"
"1125";"7"
"1126";"7"
"1126";"7"
"1126";"7"
"1127";"7"
"1127";"7"
"1127";"7"
"1128";"7"
"1128";"7"
"1128";"7"
"1129";"7"
"1129";"7"
"1129";"7"
"1130";"7"
"1130";"7"
"1130";"7"
"1131";"7"
"1131";"7"
"1131";"7"
"1132";"7"
"1132";"7"
"1132";"7"
"1133";"7"
"1133";"7"
"1133";"7"
"1134";"7"
"1134";"7"
"1134";"7"
"1135";"7"
"1135";"7"
"1135";"7"
"1136";"7"
"1136";"7"
"1136";"7"
"1137";"7"
"1137";"7"
"1137";"7"
"1138";"7"
"1138";"7"
"1138";"7"
"1139";"7"
"1139";"7"
"1139";"7"
"1140";"7"
"1140";"7"
"1140";"7"
"1141";"7"
"1141";"7"
"1141";"7"
"1142";"7"
"1142";"7"
"1142";"7"
"1143";"7"
"1143";"7"
"1143";"7"
"1144";"7"
"1144";"7"
"1144";"7"
"1145";"7"
"1145";"7"
"1145";"7"
"1146";"7"
"1146";"7"
"1146";"7"
"1147";"7"
"1147";"7"
"1147";"7"
"1148";"7"
"1148";"7"
"1148";"7"
"1149";"7"
"1149";"7"
"1149";"7"
"1150";"7"
"1150";"7"
"1150";"7"
"1151";"7"
"1151";"7"
"1151";"9"
"1152";"7"
"1152";"7"
"1152";"7"
"1153";"7"
"1153";"7"
"1153";"9"
"1154";"7"
"1154";"7"
"1154";"7"
"1155";"7"
"1155";"7"
"1155";"7"
"1156";"7"
"1156";"7"
"1156";"7"
"1157";"7"
"1157";"7"
"1157";"7"
"1158";"7"
"1158";"7"
"1158";"7"
"1159";"7"
"1159";"7"
"1159";"7"
"1160";"7"
"1160";"7"
"1160";"9"
"1161";"7"
"1161";"7"
"1161";"9"
"1162";"7"
"1162";"7"
"1162";"7"
"1163";"7"
"1163";"7"
"1163";"9"
"1164";"7"
"1164";"7"
"1164";"13"
"1165";"7"
"1165";"7"
"1165";"7"
"1166";"7"
"1166";"7"
"1166";"7"
"1167";"7"
"1167";"7"
"1167";"7"
"1168";"7"
"1168";"7"
"1168";"7"
"1169";"7"
"1169";"7"
"1169";"7"
"1170";"7"
"1170";"7"
"1170";"7"
"1171";"7"
"1171";"7"
"1171";"7"
"1172";"7"
"1172";"7"
"1172";"7"
"1173";"7"
"1173";"7"
"1173";"7"
"1174";"7"
"1174";"7"
"1174";"7"
"1175";"7"
"1175";"7"
"1175";"7"
"1176";"7"
"1176";"7"
"1176";"7"
"1177";"7"
"1177";"7"
"1177";"7"
"1178";"7"
"1178";"7"
"1178";"7"
"1179";"7"
"1179";"7"
"1179";"7"
"1180";"7"
"1180";"7"
"1180";"7"
"1181";"7"
"1181";"7"
"1181";"7"
"1182";"7"
"1182";"7"
"1182";"7"
"1183";"7"
"1183";"7"
"1183";"7"
"1184";"7"
"1184";"7"
"1184";"7"
"1185";"7"
"1185";"7"
"1185";"7"
"1186";"7"
"1186";"7"
"1186";"7"
"1187";"7"
"1187";"7"
"1187";"7"
"1188";"7"
"1188";"7"
"1188";"7"
"1189";"7"
"1189";"7"
"1189";"7"
"1190";"7"
"1190";"7"
"1190";"7"
"1191";"7"
"1191";"7"
"1191";"7"
"1192";"7"
"1192";"7"
"1192";"7"
"1193";"7"
"1193";"7"
"1193";"7"
"1194";"7"
"1194";"7"
"1194";"9"
"1195";"7"
"1195";"7"
"1195";"7"
"1196";"7"
"1196";"7"
"1196";"7"
"1197";"7"
"1197";"7"
"1197";"7"
"1198";"7"
"1198";"7"
"1198";"7"
"1199";"7"
"1199";"7"
"1199";"7"
"1200";"7"
"1200";"7"
"1200";"7"
"1201";"7"
"1201";"7"
"1201";"7"
"1202";"7"
"1202";"7"
"1202";"7"
"1203";"7"
"1203";"7"
"1203";"7"
"1204";"7"
"1204";"7"
"1204";"7"
"1205";"7"
"1205";"7"
"1205";"7"
"1206";"7"
"1206";"7"
"1206";"7"
"1207";"7"
"1207";"7"
"1207";"7"
"1208";"7"
"1208";"7"
"1208";"7"
"1209";"7"
"1209";"7"
"1209";"7"
"1210";"7"
"1210";"7"
"1210";"7"
"1211";"7"
"1211";"7"
"1211";"7"
"1212";"7"
"1212";"7"
"1212";"7"
"1213";"7"
"1213";"7"
"1213";"7"
"1214";"7"
"1214";"7"
"1214";"7"
"1215";"7"
"1215";"7"
"1215";"7"
"1216";"7"
"1216";"7"
"1216";"9"
"1217";"7"
"1217";"7"
"1217";"7"
"1218";"7"
"1218";"7"
"1218";"7"
"1219";"7"
"1219";"7"
"1219";"9"
"1220";"7"
"1220";"7"
"1220";"9"
"1221";"7"
"1221";"7"
"1221";"7"
"1222";"7"
"1222";"7"
"1222";"7"
"1223";"7"
"1223";"7"
"1223";"7"
"1224";"7"
"1224";"7"
"1224";"7"
"1225";"7"
"1225";"7"
"1225";"7"
"1226";"7"
"1226";"7"
"1226";"7"
"1227";"7"
"1227";"7"
"1227";"7"
"1228";"7"
"1228";"7"
"1228";"7"
"1229";"7"
"1229";"7"
"1229";"7"
"1230";"7"
"1230";"7"
"1230";"7"
"1231";"7"
"1231";"7"
"1231";"7"
"1232";"7"
"1232";"7"
"1232";"7"
"1233";"7"
"1233";"7"
"1233";"7"
"1234";"7"
"1234";"7"
"1234";"7"
"1235";"7"
"1235";"7"
"1235";"7"
"1236";"7"
"1236";"7"
"1236";"7"
"1237";"7"
"1237";"7"
"1237";"7"
"1238";"7"
"1238";"7"
"1238";"7"
"1239";"7"
"1239";"7"
"1239";"7"
"1240";"7"
"1240";"7"
"1240";"7"
"1241";"7"
"1241";"7"
"1241";"7"
"1242";"7"
"1242";"7"
"1242";"7"
"1243";"7"
"1243";"7"
"1243";"7"
"1244";"7"
"1244";"7"
"1244";"7"
"1245";"7"
"1245";"7"
"1245";"7"
"1246";"7"
"1246";"7"
"1246";"9"
"1247";"7"
"1247";"7"
"1247";"7"
"1248";"7"
"1248";"7"
"1248";"9"
"1249";"7"
"1249";"7"
"1249";"7"
"1250";"7"
"1250";"7"
"1250";"7"
"1251";"7"
"1251";"7"
"1251";"7"
"1252";"7"
"1252";"7"
"1252";"7"
"1253";"7"
"1253";"7"
"1253";"7"
"1254";"7"
"1254";"7"
"1254";"7"
"1255";"7"
"1255";"7"
"1255";"9"
"1256";"7"
"1256";"7"
"1256";"7"
"1257";"7"
"1257";"7"
"1257";"7"
"1258";"7"
"1258";"7"
"1258";"7"
"1259";"7"
"1259";"7"
"1259";"7"
"1260";"7"
"1260";"7"
"1260";"7"
"1261";"7"
"1261";"7"
"1261";"7"
"1262";"7"
"1262";"7"
"1262";"7"
"1263";"7"
"1263";"7"
"1263";"7"
"1264";"7"
"1264";"7"
"1264";"7"
"1265";"7"
"1265";"7"
"1265";"7"
"1266";"7"
"1266";"7"
"1266";"7"
"1267";"7"
"1267";"7"
"1267";"7"
"1268";"7"
"1268";"7"
"1268";"7"
"1269";"7"
"1269";"7"
"1269";"9"
"1270";"7"
"1270";"7"
"1270";"7"
"1271";"7"
"1271";"7"
"1271";"7"
"1272";"7"
"1272";"7"
"1272";"9"
"1273";"7"
"1273";"7"
"1273";"7"
"1274";"7"
"1274";"7"
"1274";"9"
"1275";"7"
"1275";"7"
"1275";"7"
"1276";"7"
"1276";"7"
"1276";"7"
"1277";"7"
"1277";"7"
"1277";"7"
"1278";"7"
"1278";"7"
"1278";"7"
"1279";"7"
"1279";"7"
"1279";"16"
"1280";"7"
"1280";"7"
"1280";"7"
"1281";"7"
"1281";"7"
"1281";"7"
"1282";"7"
"1282";"7"
"1282";"7"
"1283";"7"
"1283";"7"
"1283";"7"
"1284";"7"
"1284";"7"
"1284";"7"
"1285";"7"
"1285";"7"
"1285";"10"
"1286";"7"
"1286";"7"
"1286";"7"
"1287";"7"
"1287";"7"
"1287";"7"
"1288";"7"
"1288";"7"
"1288";"7"
"1289";"7"
"1289";"7"
"1289";"7"
"1290";"7"
"1290";"7"
"1290";"7"
"1291";"7"
"1291";"7"
"1291";"7"
"1292";"7"
"1292";"7"
"1292";"7"
"1293";"7"
"1293";"7"
"1293";"11"
"1294";"7"
"1294";"7"
"1294";"7"
"1295";"7"
"1295";"7"
"1295";"11"
"1296";"7"
"1296";"7"
"1296";"7"
"1297";"7"
"1297";"7"
"1297";"7"
"1298";"7"
"1298";"7"
"1298";"7"
"1299";"7"
"1299";"7"
"1299";"7"
"1300";"7"
"1300";"7"
"1300";"7"
"1301";"7"
"1301";"7"
"1301";"7"
"1302";"7"
"1302";"7"
"1302";"7"
"1303";"7"
"1303";"7"
"1303";"9"
"1304";"7"
"1304";"7"
"1304";"7"
"1305";"7"
"1305";"7"
"1305";"7"
"1306";"7"
"1306";"7"
"1306";"7"
"1307";"7"
"1307";"7"
"1307";"7"
"1308";"7"
"1308";"7"
"1308";"9"
"1309";"7"
"1309";"7"
"1309";"7"
"1310";"7"
"1310";"7"
"1310";"9"
"1311";"7"
"1311";"7"
"1311";"9"
"1312";"7"
"1312";"7"
"1312";"7"
"1313";"7"
"1313";"7"
"1313";"7"
"1314";"7"
"1314";"7"
"1314";"7"
"1315";"7"
"1315";"7"
"1315";"11"
"1316";"7"
"1316";"7"
"1316";"7"
"1317";"7"
"1317";"7"
"1317";"7"
"1318";"7"
"1318";"7"
"1318";"7"
"1319";"7"
"1319";"7"
"1319";"9"
"1320";"7"
"1320";"7"
"1320";"7"
"1321";"7"
"1321";"7"
"1321";"7"
"1322";"7"
"1322";"7"
"1322";"9"
"1323";"7"
"1323";"7"
"1323";"7"
"1324";"7"
"1324";"7"
"1324";"7"
"1325";"7"
"1325";"7"
"1325";"7"
"1326";"7"
"1326";"7"
"1326";"7"
"1327";"7"
"1327";"7"
"1327";"9"
"1328";"7"
"1328";"7"
"1328";"7"
"1329";"7"
"1329";"7"
"1329";"7"
"1330";"7"
"1330";"7"
"1330";"7"
"1331";"7"
"1331";"7"
"1331";"9"
"1332";"7"
"1332";"7"
"1332";"7"
"1333";"7"
"1333";"7"
"1333";"7"
"1334";"7"
"1334";"7"
"1334";"9"
"1335";"7"
"1335";"7"
"1335";"7"
"1336";"7"
"1336";"7"
"1336";"22"
"1337";"7"
"1337";"7"
"1337";"7"
"1338";"7"
"1338";"7"
"1338";"7"
"1339";"7"
"1339";"7"
"1339";"7"
"1340";"7"
"1340";"7"
"1340";"7"
"1341";"7"
"1341";"7"
"1341";"9"
"1342";"7"
"1342";"7"
"1342";"9"
"1343";"7"
"1343";"7"
"1343";"7"
"1344";"7"
"1344";"7"
"1344";"7"
"1345";"7"
"1345";"7"
"1345";"7"
"1346";"7"
"1346";"7"
"1346";"7"
"1347";"7"
"1347";"7"
"1347";"7"
"1348";"7"
"1348";"7"
"1348";"7"
"1349";"7"
"1349";"7"
"1349";"9"
"1350";"7"
"1350";"7"
"1350";"7"
"1351";"7"
"1351";"7"
"1351";"9"
"1352";"7"
"1352";"7"
"1352";"7"
"1353";"7"
"1353";"7"
"1353";"7"
"1354";"7"
"1354";"7"
"1354";"7"
"1355";"7"
"1355";"7"
"1355";"7"
"1356";"7"
"1356";"7"
"1356";"7"
"1357";"7"
"1357";"7"
"1357";"9"
"1358";"7"
"1358";"7"
"1358";"7"
"1359";"7"
"1359";"7"
"1359";"9"
"1360";"7"
"1360";"7"
"1360";"9"
"1361";"7"
"1361";"7"
"1361";"9"
"1362";"7"
"1362";"7"
"1362";"7"
"1363";"7"
"1363";"7"
"1363";"9"
"1364";"7"
"1364";"7"
"1364";"7"
"1365";"7"
"1365";"7"
"1365";"9"
"1366";"7"
"1366";"7"
"1366";"7"
"1367";"7"
"1367";"7"
"1367";"7"
"1368";"7"
"1368";"7"
"1368";"9"
"1369";"7"
"1369";"7"
"1369";"9"
"1370";"7"
"1370";"7"
"1370";"7"
"1371";"7"
"1371";"7"
"1371";"7"
"1372";"7"
"1372";"7"
"1372";"9"
"1373";"7"
"1373";"7"
"1373";"9"
"1374";"7"
"1374";"7"
"1374";"7"
"1375";"7"
"1375";"7"
"1375";"7"
"1376";"7"
"1376";"7"
"1376";"7"
"1377";"7"
"1377";"7"
"1377";"7"
"1378";"7"
"1378";"7"
"1378";"9"
"1379";"7"
"1379";"7"
"1379";"7"
"1380";"7"
"1380";"7"
"1380";"7"
"1381";"7"
"1381";"7"
"1381";"7"
"1382";"7"
"1382";"7"
"1382";"9"
"1383";"7"
"1383";"7"
"1383";"9"
"1384";"7"
"1384";"7"
"1384";"7"
"1385";"7"
"1385";"7"
"1385";"7"
"1386";"7"
"1386";"7"
"1386";"7"
"1387";"7"
"1387";"7"
"1387";"7"
"1388";"7"
"1388";"7"
"1388";"7"
"1389";"7"
"1389";"7"
"1389";"7"
"1390";"7"
"1390";"7"
"1390";"7"
"1391";"7"
"1391";"7"
"1391";"7"
"1392";"7"
"1392";"7"
"1392";"7"
"1393";"7"
"1393";"7"
"1393";"7"
"1394";"7"
"1394";"7"
"1394";"7"
"1395";"7"
"1395";"7"
"1395";"7"
"1396";"7"
"1396";"7"
"1396";"9"
"1397";"7"
"1397";"7"
"1397";"7"
"1398";"7"
"1398";"7"
"1398";"7"
"1399";"7"
"1399";"7"
"1399";"9"
"1400";"7"
"1400";"7"
"1400";"7"
"1401";"7"
"1401";"7"
"1401";"7"
"1402";"7"
"1402";"7"
"1402";"9"
"1403";"7"
"1403";"7"
"1403";"7"
"1404";"7"
"1404";"7"
"1404";"9"
"1405";"7"
"1405";"7"
"1405";"7"
"1406";"7"
"1406";"7"
"1406";"9"
"1407";"7"
"1407";"7"
"1407";"7"
"1408";"7"
"1408";"7"
"1408";"9"
"1409";"7"
"1409";"7"
"1409";"7"
"1410";"7"
"1410";"7"
"1410";"7"
"1411";"7"
"1411";"7"
"1411";"7"
"1412";"7"
"1412";"7"
"1412";"7"
"1413";"7"
"1413";"7"
"1413";"7"
"1414";"7"
"1414";"7"
"1414";"7"
"1415";"7"
"1415";"7"
"1415";"7"
"1416";"7"
"1416";"7"
"1416";"9"
"1417";"7"
"1417";"7"
"1417";"9"
"1418";"7"
"1418";"7"
"1418";"9"
"1419";"7"
"1419";"7"
"1419";"11"
"1420";"7"
"1420";"7"
"1420";"7"
"1421";"7"
"1421";"7"
"1421";"7"
"1422";"7"
"1422";"7"
"1422";"9"
"1423";"7"
"1423";"7"
"1423";"7"
"1424";"7"
"1424";"7"
"1424";"7"
"1425";"7"
"1425";"7"
"1425";"9"
"1426";"7"
"1426";"7"
"1426";"7"
"1427";"7"
"1427";"7"
"1427";"9"
"1428";"7"
"1428";"7"
"1428";"7"
"1429";"7"
"1429";"7"
"1429";"7"
"1430";"7"
"1430";"7"
"1430";"7"
"1431";"7"
"1431";"7"
"1431";"7"
"1432";"7"
"1432";"7"
"1432";"7"
"1433";"7"
"1433";"7"
"1433";"7"
"1434";"7"
"1434";"7"
"1434";"10"
"1435";"7"
"1435";"7"
"1435";"7"
"1436";"7"
"1436";"7"
"1436";"7"
"1437";"7"
"1437";"7"
"1437";"7"
"1438";"7"
"1438";"7"
"1438";"7"
"1439";"7"
"1439";"7"
"1439";"7"
"1440";"7"
"1440";"7"
"1440";"7"
"1441";"7"
"1441";"7"
"1441";"7"
"1442";"7"
"1442";"7"
"1442";"9"
"1443";"7"
"1443";"7"
"1443";"9"
"1444";"7"
"1444";"7"
"1444";"7"
"1445";"7"
"1445";"7"
"1445";"7"
"1446";"7"
"1446";"7"
"1446";"9"
"1447";"7"
"1447";"7"
"1447";"7"
"1448";"7"
"1448";"7"
"1448";"7"
"1449";"7"
"1449";"7"
"1449";"11"
"1450";"7"
"1450";"7"
"1450";"11"
"1451";"7"
"1451";"7"
"1451";"9"
"1452";"7"
"1452";"7"
"1452";"9"
"1453";"7"
"1453";"7"
"1453";"9"
"1454";"7"
"1454";"7"
"1454";"7"
"1455";"7"
"1455";"7"
"1455";"7"
"1456";"7"
"1456";"7"
"1456";"7"
"1457";"7"
"1457";"7"
"1457";"7"
"1458";"7"
"1458";"7"
"1458";"7"
"1459";"7"
"1459";"7"
"1459";"7"
"1460";"7"
"1460";"7"
"1460";"7"
"1461";"7"
"1461";"7"
"1461";"9"
"1462";"7"
"1462";"7"
"1462";"7"
"1463";"7"
"1463";"7"
"1463";"7"
"1464";"7"
"1464";"7"
"1464";"7"
"1465";"7"
"1465";"7"
"1465";"7"
"1466";"7"
"1466";"7"
"1466";"7"
"1467";"7"
"1467";"7"
"1467";"9"
"1468";"7"
"1468";"7"
"1468";"9"
"1469";"7"
"1469";"7"
"1469";"7"
"1470";"7"
"1470";"7"
"1470";"7"
"1471";"7"
"1471";"7"
"1471";"9"
"1472";"7"
"1472";"7"
"1472";"9"
"1473";"7"
"1473";"7"
"1473";"9"
"1474";"7"
"1474";"7"
"1474";"7"
"1475";"7"
"1475";"7"
"1475";"9"
"1476";"7"
"1476";"7"
"1476";"11"
"1477";"7"
"1477";"7"
"1477";"9"
"1478";"7"
"1478";"7"
"1478";"7"
"1479";"7"
"1479";"7"
"1479";"7"
"1480";"7"
"1480";"7"
"1480";"7"
"1481";"7"
"1481";"7"
"1481";"7"
"1482";"7"
"1482";"7"
"1482";"9"
"1483";"7"
"1483";"7"
"1483";"7"
"1484";"7"
"1484";"7"
"1484";"7"
"1485";"7"
"1485";"7"
"1485";"7"
"1486";"7"
"1486";"7"
"1486";"9"
"1487";"7"
"1487";"7"
"1487";"9"
"1488";"7"
"1488";"7"
"1488";"7"
"1489";"7"
"1489";"7"
"1489";"9"
"1490";"7"
"1490";"7"
"1490";"9"
"1491";"7"
"1491";"7"
"1491";"7"
"1492";"7"
"1492";"7"
"1492";"7"
"1493";"7"
"1493";"7"
"1493";"7"
"1494";"7"
"1494";"7"
"1494";"7"
"1495";"7"
"1495";"7"
"1495";"7"
"1496";"7"
"1496";"7"
"1496";"7"
"1497";"7"
"1497";"7"
"1497";"9"
"1498";"7"
"1498";"7"
"1498";"7"
"1499";"7"
"1499";"7"
"1499";"7"
"1500";"7"
"1500";"7"
"1500";"7"
"1501";"7"
"1501";"7"
"1501";"7"
"1502";"7"
"1502";"7"
"1502";"7"
"1503";"7"
"1503";"7"
"1503";"9"
"1504";"7"
"1504";"7"
"1504";"9"
"1505";"7"
"1505";"7"
"1505";"9"
"1506";"7"
"1506";"7"
"1506";"9"
"1507";"7"
"1507";"7"
"1507";"7"
"1508";"7"
"1508";"7"
"1508";"9"
"1509";"7"
"1509";"7"
"1509";"7"
"1510";"7"
"1510";"7"
"1510";"7"
"1511";"7"
"1511";"7"
"1511";"7"
"1512";"7"
"1512";"7"
"1512";"7"
"1513";"7"
"1513";"7"
"1513";"9"
"1514";"7"
"1514";"7"
"1514";"7"
"1515";"7"
"1515";"7"
"1515";"7"
"1516";"7"
"1516";"7"
"1516";"7"
"1517";"7"
"1517";"7"
"1517";"9"
"1518";"7"
"1518";"7"
"1518";"9"
"1519";"7"
"1519";"7"
"1519";"7"
"1520";"7"
"1520";"7"
"1520";"9"
"1521";"7"
"1521";"7"
"1521";"9"
"1522";"7"
"1522";"7"
"1522";"7"
"1523";"7"
"1523";"7"
"1523";"7"
"1524";"7"
"1524";"7"
"1524";"9"
"1525";"7"
"1525";"7"
"1525";"7"
"1526";"7"
"1526";"7"
"1526";"9"
"1527";"7"
"1527";"7"
"1527";"9"
"1528";"7"
"1528";"7"
"1528";"7"
"1529";"7"
"1529";"7"
"1529";"11"
"1530";"7"
"1530";"7"
"1530";"7"
"1531";"7"
"1531";"7"
"1531";"9"
"1532";"7"
"1532";"7"
"1532";"9"
"1533";"7"
"1533";"7"
"1533";"9"
"1534";"7"
"1534";"7"
"1534";"7"
"1535";"7"
"1535";"7"
"1535";"7"
"1536";"7"
"1536";"7"
"1536";"7"
"1537";"7"
"1537";"7"
"1537";"7"
"1538";"7"
"1538";"7"
"1538";"7"
"1539";"7"
"1539";"7"
"1539";"9"
"1540";"7"
"1540";"7"
"1540";"7"
"1541";"7"
"1541";"7"
"1541";"11"
"1542";"7"
"1542";"7"
"1542";"7"
"1543";"7"
"1543";"7"
"1543";"7"
"1544";"7"
"1544";"7"
"1544";"7"
"1545";"7"
"1545";"7"
"1545";"7"
"1546";"7"
"1546";"7"
"1546";"7"
"1547";"7"
"1547";"7"
"1547";"9"
"1548";"7"
"1548";"7"
"1548";"7"
"1549";"7"
"1549";"7"
"1549";"7"
"1550";"7"
"1550";"7"
"1550";"11"
"1551";"7"
"1551";"7"
"1551";"7"
"1552";"7"
"1552";"7"
"1552";"7"
"1553";"7"
"1553";"7"
"1553";"9"
"1554";"7"
"1554";"7"
"1554";"7"
"1555";"7"
"1555";"7"
"1555";"7"
"1556";"7"
"1556";"7"
"1556";"7"
"1557";"7"
"1557";"7"
"1557";"7"
"1558";"7"
"1558";"7"
"1558";"7"
"1559";"7"
"1559";"7"
"1559";"7"
"1560";"7"
"1560";"7"
"1560";"7"
"1561";"7"
"1561";"7"
"1561";"11"
"1562";"7"
"1562";"7"
"1562";"7"
"1563";"7"
"1563";"7"
"1563";"11"
"1564";"7"
"1564";"7"
"1564";"9"
"1565";"7"
"1565";"7"
"1565";"10"
"1566";"7"
"1566";"7"
"1566";"7"
"1567";"7"
"1567";"7"
"1567";"7"
"1568";"7"
"1568";"7"
"1568";"9"
"1569";"7"
"1569";"7"
"1569";"7"
"1570";"7"
"1570";"7"
"1570";"7"
"1571";"7"
"1571";"7"
"1571";"7"
"1572";"7"
"1572";"7"
"1572";"11"
"1573";"7"
"1573";"7"
"1573";"9"
"1574";"7"
"1574";"7"
"1574";"7"
"1575";"7"
"1575";"7"
"1575";"11"
"1576";"7"
"1576";"7"
"1576";"7"
"1577";"7"
"1577";"7"
"1577";"7"
"1578";"7"
"1578";"7"
"1578";"7"
"1579";"7"
"1579";"7"
"1579";"9"
"1580";"7"
"1580";"7"
"1580";"9"
"1581";"7"
"1581";"7"
"1581";"9"
"1582";"7"
"1582";"7"
"1582";"7"
"1583";"7"
"1583";"7"
"1583";"7"
"1584";"7"
"1584";"7"
"1584";"7"
"1585";"7"
"1585";"7"
"1585";"7"
"1586";"7"
"1586";"7"
"1586";"7"
"1587";"7"
"1587";"7"
"1587";"7"
"1588";"7"
"1588";"7"
"1588";"7"
"1589";"7"
"1589";"7"
"1589";"7"
"1590";"17"
"1590";"7"
"1590";"18"
"1591";"17"
"1591";"7"
"1591";"18"
"1592";"17"
"1592";"7"
"1592";"7"
"1593";"17"
"1593";"7"
"1593";"18"
"1594";"17"
"1594";"7"
"1594";"18"
"1595";"17"
"1595";"7"
"1595";"20"
"1596";"17"
"1596";"7"
"1596";"20"
"1597";"17"
"1597";"7"
"1597";"20"
"1598";"17"
"1598";"7"
"1598";"7"
"1599";"17"
"1599";"7"
"1599";"7"
"1600";"17"
"1600";"7"
"1600";"7"
"1601";"17"
"1601";"7"
"1601";"20"
"1602";"17"
"1602";"7"
"1602";"7"
"1603";"17"
"1603";"7"
"1603";"20"
"1604";"17"
"1604";"7"
"1604";"18"
"1605";"17"
"1605";"7"
"1605";"7"
"1606";"17"
"1606";"7"
"1606";"7"
"1607";"17"
"1607";"7"
"1607";"20"
"1608";"17"
"1608";"7"
"1608";"7"
"1609";"17"
"1609";"7"
"1609";"20"
"1610";"17"
"1610";"7"
"1610";"20"
"1611";"17"
"1611";"7"
"1611";"20"
"1612";"17"
"1612";"7"
"1612";"20"
"1613";"17"
"1613";"7"
"1613";"7"
"1614";"17"
"1614";"7"
"1614";"7"
"1615";"17"
"1615";"7"
"1615";"20"
"1616";"17"
"1616";"7"
"1616";"7"
"1617";"17"
"1617";"7"
"1617";"7"
"1618";"17"
"1618";"7"
"1618";"20"
"1619";"17"
"1619";"7"
"1619";"20"
"1620";"17"
"1620";"7"
"1620";"20"
"1621";"17"
"1621";"7"
"1621";"7"
"1622";"17"
"1622";"7"
"1622";"20"
"1623";"17"
"1623";"7"
"1623";"20"
"1624";"17"
"1624";"7"
"1624";"7"
"1625";"17"
"1625";"7"
"1625";"7"
"1626";"17"
"1626";"7"
"1626";"7"
"1627";"17"
"1627";"7"
"1627";"7"
"1628";"17"
"1628";"7"
"1628";"7"
"1629";"17"
"1629";"7"
"1629";"20"
"1630";"17"
"1630";"7"
"1630";"7"
"1631";"17"
"1631";"7"
"1631";"20"
"1632";"17"
"1632";"7"
"1632";"20"
"1633";"17"
"1633";"7"
"1633";"20"
"1634";"17"
"1634";"7"
"1634";"20"
"1635";"17"
"1635";"7"
"1635";"7"
"1636";"17"
"1636";"7"
"1636";"18"
"1637";"17"
"1637";"7"
"1637";"20"
"1638";"17"
"1638";"7"
"1638";"20"
"1639";"17"
"1639";"7"
"1639";"20"
"1640";"17"
"1640";"7"
"1640";"7"
"1641";"17"
"1641";"7"
"1641";"20"
"1642";"17"
"1642";"7"
"1642";"16"
"1643";"17"
"1643";"7"
"1643";"9"
"1644";"17"
"1644";"7"
"1644";"7"
"1645";"17"
"1645";"7"
"1645";"7"
"1646";"17"
"1646";"7"
"1646";"18"
"1647";"17"
"1647";"7"
"1647";"7"
"1648";"17"
"1648";"7"
"1648";"16"
"1649";"17"
"1649";"7"
"1649";"20"
"1650";"17"
"1650";"7"
"1650";"7"
"1651";"17"
"1651";"7"
"1651";"7"
"1652";"17"
"1652";"7"
"1652";"7"
"1653";"17"
"1653";"7"
"1653";"9"
"1654";"17"
"1654";"7"
"1654";"7"
"1655";"17"
"1655";"7"
"1655";"7"
"1656";"17"
"1656";"7"
"1656";"7"
"1657";"17"
"1657";"7"
"1657";"16"
"1658";"17"
"1658";"7"
"1658";"7"
"1659";"17"
"1659";"7"
"1659";"20"
"1660";"17"
"1660";"7"
"1660";"20"
"1661";"17"
"1661";"7"
"1661";"7"
"1662";"17"
"1662";"7"
"1662";"7"
"1663";"17"
"1663";"7"
"1663";"7"
"1664";"17"
"1664";"7"
"1664";"7"
"1665";"17"
"1665";"7"
"1665";"16"
"1666";"17"
"1666";"7"
"1666";"7"
"1667";"17"
"1667";"7"
"1667";"18"
"1668";"17"
"1668";"7"
"1668";"7"
"1669";"17"
"1669";"7"
"1669";"7"
"1670";"17"
"1670";"7"
"1670";"16"
"1671";"17"
"1671";"7"
"1671";"20"
"1672";"17"
"1672";"7"
"1672";"20"
"1673";"17"
"1673";"7"
"1673";"20"
"1674";"17"
"1674";"7"
"1674";"7"
"1675";"17"
"1675";"7"
"1675";"7"
"1676";"17"
"1676";"7"
"1676";"20"
"1677";"17"
"1677";"7"
"1677";"20"
"1678";"17"
"1678";"7"
"1678";"20"
"1679";"17"
"1679";"7"
"1679";"7"
"1680";"17"
"1680";"7"
"1680";"7"
"1681";"17"
"1681";"7"
"1681";"20"
"1682";"17"
"1682";"7"
"1682";"20"
"1683";"17"
"1683";"7"
"1683";"20"
"1684";"17"
"1684";"7"
"1684";"20"
"1685";"17"
"1685";"7"
"1685";"20"
"1686";"17"
"1686";"7"
"1686";"20"
"1687";"17"
"1687";"7"
"1687";"7"
"1688";"17"
"1688";"7"
"1688";"7"
"1689";"17"
"1689";"7"
"1689";"7"
"1690";"17"
"1690";"7"
"1690";"20"
"1691";"17"
"1691";"7"
"1691";"20"
"1692";"17"
"1692";"7"
"1692";"16"
"1693";"17"
"1693";"7"
"1693";"18"
"1694";"17"
"1694";"7"
"1694";"20"
"1695";"17"
"1695";"7"
"1695";"20"
"1696";"17"
"1696";"7"
"1696";"20"
"1697";"17"
"1697";"7"
"1697";"20"
"1698";"17"
"1698";"7"
"1698";"20"
"1699";"17"
"1699";"7"
"1699";"20"
"1700";"21"
"1700";"7"
"1700";"7"
"1701";"21"
"1701";"7"
"1701";"22"
"1702";"21"
"1702";"7"
"1702";"7"
"1703";"21"
"1703";"7"
"1703";"7"
"1704";"21"
"1704";"7"
"1704";"22"
"1705";"21"
"1705";"7"
"1705";"22"
"1706";"21"
"1706";"7"
"1706";"22"
"1707";"21"
"1707";"7"
"1707";"22"
"1708";"21"
"1708";"7"
"1708";"22"
"1709";"21"
"1709";"7"
"1709";"22"
"1710";"21"
"1710";"7"
"1710";"7"
"1711";"21"
"1711";"7"
"1711";"7"
"1712";"21"
"1712";"7"
"1712";"7"
"1713";"21"
"1713";"7"
"1713";"22"
"1714";"21"
"1714";"7"
"1714";"7"
"1715";"21"
"1715";"7"
"1715";"7"
"1716";"21"
"1716";"7"
"1716";"7"
"1717";"21"
"1717";"7"
"1717";"7"
"1718";"21"
"1718";"7"
"1718";"7"
"1719";"21"
"1719";"7"
"1719";"23"
"1720";"21"
"1720";"7"
"1720";"22"
"1721";"21"
"1721";"7"
"1721";"22"
"1722";"21"
"1722";"7"
"1722";"22"
"1723";"21"
"1723";"7"
"1723";"22"
"1724";"21"
"1724";"7"
"1724";"22"
"1725";"21"
"1725";"7"
"1725";"7"
"1726";"21"
"1726";"7"
"1726";"22"
"1727";"21"
"1727";"7"
"1727";"22"
"1728";"21"
"1728";"7"
"1728";"22"
"1729";"21"
"1729";"7"
"1729";"7"
"1730";"21"
"1730";"7"
"1730";"22"
"1731";"21"
"1731";"7"
"1731";"23"
"1732";"21"
"1732";"7"
"1732";"7"
"1733";"21"
"1733";"7"
"1733";"23"
"1734";"21"
"1734";"7"
"1734";"22"
"1735";"21"
"1735";"7"
"1735";"22"
"1736";"21"
"1736";"7"
"1736";"23"
"1737";"21"
"1737";"7"
"1737";"22"
"1738";"21"
"1738";"7"
"1738";"7"
"1739";"21"
"1739";"7"
"1739";"7"
"1740";"21"
"1740";"7"
"1740";"7"
"1741";"21"
"1741";"7"
"1741";"7"
"1742";"21"
"1742";"7"
"1742";"7"
"1743";"21"
"1743";"7"
"1743";"7"
"1744";"21"
"1744";"7"
"1744";"7"
"1745";"21"
"1745";"7"
"1745";"22"
"1746";"21"
"1746";"7"
"1746";"22"
"1747";"21"
"1747";"7"
"1747";"7"
"1748";"21"
"1748";"7"
"1748";"23"
"1749";"21"
"1749";"7"
"1749";"7"
"1750";"21"
"1750";"7"
"1750";"23"
"1751";"21"
"1751";"7"
"1751";"23"
"1752";"21"
"1752";"7"
"1752";"22"
"1753";"21"
"1753";"7"
"1753";"23"
"1754";"21"
"1754";"7"
"1754";"22"
"1755";"21"
"1755";"7"
"1755";"22"
"1756";"21"
"1756";"7"
"1756";"7"
"1757";"21"
"1757";"7"
"1757";"22"
"1758";"21"
"1758";"7"
"1758";"7"
"1759";"21"
"1759";"7"
"1759";"7"
"1760";"21"
"1760";"7"
"1760";"22"
"1761";"21"
"1761";"7"
"1761";"22"
"1762";"21"
"1762";"7"
"1762";"7"
"1763";"21"
"1763";"7"
"1763";"22"
"1764";"21"
"1764";"7"
"1764";"22"
"1765";"21"
"1765";"7"
"1765";"22"
"1766";"21"
"1766";"7"
"1766";"23"
"1767";"21"
"1767";"7"
"1767";"23"
"1768";"21"
"1768";"7"
"1768";"22"
"1769";"21"
"1769";"7"
"1769";"23"
"1770";"21"
"1770";"7"
"1770";"22"
"1771";"21"
"1771";"7"
"1771";"7"
"1772";"21"
"1772";"7"
"1772";"22"
"1773";"21"
"1773";"7"
"1773";"7"
"1774";"21"
"1774";"7"
"1774";"23"
"1775";"21"
"1775";"7"
"1775";"23"
"1776";"21"
"1776";"7"
"1776";"23"
"1777";"21"
"1777";"7"
"1777";"7"
"1778";"21"
"1778";"7"
"1778";"7"
"1779";"21"
"1779";"7"
"1779";"7"
"1780";"21"
"1780";"7"
"1780";"22"
"1781";"21"
"1781";"7"
"1781";"22"
"1782";"21"
"1782";"7"
"1782";"7"
"1783";"21"
"1783";"7"
"1783";"22"
"1784";"21"
"1784";"7"
"1784";"22"
"1785";"21"
"1785";"7"
"1785";"7"
"1786";"21"
"1786";"7"
"1786";"22"
"1787";"21"
"1787";"7"
"1787";"22"
"1788";"21"
"1788";"7"
"1788";"7"
"1789";"21"
"1789";"7"
"1789";"7"
"1790";"21"
"1790";"7"
"1790";"7"
"1791";"21"
"1791";"7"
"1791";"22"
"1792";"21"
"1792";"7"
"1792";"23"
"1793";"21"
"1793";"7"
"1793";"22"
"1794";"21"
"1794";"7"
"1794";"22"
"1795";"21"
"1795";"7"
"1795";"22"
"1796";"21"
"1796";"7"
"1796";"7"
"1797";"21"
"1797";"7"
"1797";"7"
"1798";"21"
"1798";"7"
"1798";"7"
"1799";"21"
"1799";"7"
"1799";"7"
"1800";"21"
"1800";"7"
"1800";"7"
"1801";"21"
"1801";"7"
"1801";"22"
"1802";"21"
"1802";"7"
"1802";"23"
"1803";"21"
"1803";"7"
"1803";"23"
"1804";"21"
"1804";"7"
"1804";"23"
"1805";"21"
"1805";"7"
"1805";"23"
"1806";"21"
"1806";"7"
"1806";"22"
"1807";"21"
"1807";"7"
"1807";"23"
"1808";"21"
"1808";"7"
"1808";"22"
"1809";"21"
"1809";"7"
"1809";"22"
"1810";"21"
"1810";"7"
"1810";"23"
"1811";"21"
"1811";"7"
"1811";"7"
"1812";"21"
"1812";"7"
"1812";"22"
"1813";"21"
"1813";"7"
"1813";"7"
"1814";"21"
"1814";"7"
"1814";"22"
"1815";"21"
"1815";"7"
"1815";"7"
"1816";"21"
"1816";"7"
"1816";"22"
"1817";"21"
"1817";"7"
"1817";"7"
"1818";"21"
"1818";"7"
"1818";"22"
"1819";"21"
"1819";"7"
"1819";"22"
"1820";"21"
"1820";"7"
"1820";"7"
"1821";"21"
"1821";"7"
"1821";"7"
"1822";"21"
"1822";"7"
"1822";"7"
"1823";"21"
"1823";"7"
"1823";"7"
"1824";"21"
"1824";"7"
"1824";"7"
"1825";"21"
"1825";"7"
"1825";"22"
"1826";"21"
"1826";"7"
"1826";"22"
"1827";"21"
"1827";"7"
"1827";"23"
"1828";"21"
"1828";"7"
"1828";"22"
"1829";"21"
"1829";"7"
"1829";"22"
"1830";"21"
"1830";"7"
"1830";"7"
"1831";"21"
"1831";"7"
"1831";"23"
"1832";"21"
"1832";"7"
"1832";"23"
"1833";"21"
"1833";"7"
"1833";"23"
"1834";"21"
"1834";"7"
"1834";"23"
"1835";"21"
"1835";"7"
"1835";"23"
"1836";"21"
"1836";"7"
"1836";"22"
"1837";"21"
"1837";"7"
"1837";"22"
"1838";"21"
"1838";"7"
"1838";"22"
"1839";"21"
"1839";"7"
"1839";"22"
"1840";"21"
"1840";"7"
"1840";"22"
"1841";"21"
"1841";"7"
"1841";"22"
"1842";"21"
"1842";"7"
"1842";"23"
"1843";"21"
"1843";"7"
"1843";"7"
"1844";"21"
"1844";"7"
"1844";"23"
"1845";"21"
"1845";"7"
"1845";"22"
"1846";"21"
"1846";"7"
"1846";"7"
"1847";"21"
"1847";"7"
"1847";"7"
"1848";"21"
"1848";"7"
"1848";"7"
"1849";"21"
"1849";"7"
"1849";"23"
"1850";"21"
"1850";"7"
"1850";"22"
"1851";"21"
"1851";"7"
"1851";"7"
"1852";"21"
"1852";"7"
"1852";"7"
"1853";"21"
"1853";"7"
"1853";"7"
"1854";"21"
"1854";"7"
"1854";"23"
"1855";"21"
"1855";"7"
"1855";"7"
"1856";"21"
"1856";"7"
"1856";"23"
"1857";"21"
"1857";"7"
"1857";"23"
"1858";"21"
"1858";"7"
"1858";"7"
"1859";"21"
"1859";"7"
"1859";"7"
"1860";"21"
"1860";"7"
"1860";"7"
"1861";"21"
"1861";"7"
"1861";"7"
"1862";"21"
"1862";"7"
"1862";"22"
"1863";"21"
"1863";"7"
"1863";"23"
"1864";"21"
"1864";"7"
"1864";"23"
"1865";"21"
"1865";"7"
"1865";"7"
"1866";"21"
"1866";"7"
"1866";"7"
"1867";"21"
"1867";"7"
"1867";"23"
"1868";"21"
"1868";"7"
"1868";"7"
"1869";"21"
"1869";"7"
"1869";"22"
"1870";"21"
"1870";"7"
"1870";"23"
"1871";"21"
"1871";"7"
"1871";"23"
"1872";"21"
"1872";"7"
"1872";"23"
"1873";"21"
"1873";"7"
"1873";"23"
"1874";"21"
"1874";"7"
"1874";"22"
"1875";"21"
"1875";"7"
"1875";"22"
"1876";"21"
"1876";"7"
"1876";"22"
"1877";"21"
"1877";"7"
"1877";"7"
"1878";"21"
"1878";"7"
"1878";"22"
"1879";"21"
"1879";"7"
"1879";"23"
"1880";"21"
"1880";"7"
"1880";"7"
"1881";"21"
"1881";"7"
"1881";"22"
"1882";"21"
"1882";"7"
"1882";"22"
"1883";"21"
"1883";"7"
"1883";"22"
"1884";"21"
"1884";"7"
"1884";"22"
"1885";"21"
"1885";"7"
"1885";"7"
"1886";"21"
"1886";"7"
"1886";"22"
"1887";"21"
"1887";"7"
"1887";"22"
"1888";"21"
"1888";"7"
"1888";"7"
"1889";"21"
"1889";"7"
"1889";"7"
"1890";"21"
"1890";"7"
"1890";"7"
"1891";"21"
"1891";"7"
"1891";"7"
"1892";"21"
"1892";"7"
"1892";"22"
"1893";"21"
"1893";"7"
"1893";"22"
"1894";"21"
"1894";"7"
"1894";"23"
"1895";"21"
"1895";"7"
"1895";"22"
"1896";"21"
"1896";"7"
"1896";"23"
"1897";"21"
"1897";"7"
"1897";"23"
"1898";"21"
"1898";"7"
"1898";"22"
"1899";"21"
"1899";"7"
"1899";"22"
"1900";"21"
"1900";"7"
"1900";"22"
"1901";"21"
"1901";"7"
"1901";"22"
"1902";"21"
"1902";"7"
"1902";"22"
"1903";"21"
"1903";"7"
"1903";"22"
"1904";"21"
"1904";"7"
"1904";"7"
"1905";"21"
"1905";"7"
"1905";"23"
"1906";"21"
"1906";"7"
"1906";"22"
"1907";"21"
"1907";"7"
"1907";"7"
"1908";"21"
"1908";"7"
"1908";"21"
"1909";"21"
"1909";"7"
"1909";"7"
"1910";"21"
"1910";"7"
"1910";"22"
"1911";"21"
"1911";"7"
"1911";"22"
"1912";"21"
"1912";"7"
"1912";"22"
"1913";"21"
"1913";"7"
"1913";"22"
"1914";"21"
"1914";"7"
"1914";"22"
"1915";"21"
"1915";"7"
"1915";"22"
"1916";"21"
"1916";"7"
"1916";"22"
"1917";"21"
"1917";"7"
"1917";"7"
"1918";"21"
"1918";"7"
"1918";"22"
"1919";"21"
"1919";"7"
"1919";"22"
"1920";"21"
"1920";"7"
"1920";"22"
"1921";"21"
"1921";"7"
"1921";"22"
"1922";"21"
"1922";"7"
"1922";"22"
"1923";"21"
"1923";"7"
"1923";"22"
"1924";"21"
"1924";"7"
"1924";"22"
"1925";"21"
"1925";"7"
"1925";"22"
"1926";"21"
"1926";"7"
"1926";"22"
"1927";"21"
"1927";"7"
"1927";"22"
"1928";"21"
"1928";"7"
"1928";"7"
"1929";"21"
"1929";"7"
"1929";"7"
"1930";"21"
"1930";"7"
"1930";"22"
"1931";"21"
"1931";"7"
"1931";"22"
"1932";"21"
"1932";"7"
"1932";"22"
"1933";"21"
"1933";"7"
"1933";"7"
"1934";"21"
"1934";"7"
"1934";"7"
"1935";"21"
"1935";"7"
"1935";"22"
"1936";"21"
"1936";"7"
"1936";"22"
"1937";"21"
"1937";"7"
"1937";"23"
"1938";"21"
"1938";"7"
"1938";"23"
"1939";"21"
"1939";"7"
"1939";"22"
"1940";"21"
"1940";"7"
"1940";"23"
"1941";"21"
"1941";"7"
"1941";"22"
"1942";"21"
"1942";"7"
"1942";"22"
"1943";"21"
"1943";"7"
"1943";"23"
"1944";"21"
"1944";"7"
"1944";"22"
"1945";"21"
"1945";"7"
"1945";"23"
"1946";"21"
"1946";"7"
"1946";"22"
"1947";"21"
"1947";"7"
"1947";"23"
"1948";"21"
"1948";"7"
"1948";"22"
"1949";"21"
"1949";"7"
"1949";"22"
"1950";"21"
"1950";"7"
"1950";"22"
"1951";"21"
"1951";"7"
"1951";"22"
"1952";"21"
"1952";"7"
"1952";"23"
"1953";"21"
"1953";"7"
"1953";"23"
"1954";"21"
"1954";"7"
"1954";"22"
"1955";"21"
"1955";"7"
"1955";"23"
"1956";"21"
"1956";"7"
"1956";"22"
"1957";"21"
"1957";"7"
"1957";"22"
"1958";"21"
"1958";"7"
"1958";"7"
"1959";"21"
"1959";"7"
"1959";"22"
"1960";"21"
"1960";"7"
"1960";"22"
"1961";"21"
"1961";"7"
"1961";"22"
"1962";"21"
"1962";"7"
"1962";"7"
"1963";"21"
"1963";"7"
"1963";"23"
"1964";"21"
"1964";"7"
"1964";"22"
"1965";"21"
"1965";"7"
"1965";"22"
"1966";"21"
"1966";"7"
"1966";"23"
"1967";"21"
"1967";"7"
"1967";"22"
"1968";"21"
"1968";"7"
"1968";"22"
"1969";"21"
"1969";"7"
"1969";"22"
"1970";"21"
"1970";"7"
"1970";"22"
"1971";"21"
"1971";"7"
"1971";"22"
"1972";"21"
"1972";"7"
"1972";"7"
"1973";"21"
"1973";"7"
"1973";"22"
"1974";"21"
"1974";"7"
"1974";"22"
"1975";"21"
"1975";"7"
"1975";"22"
"1976";"21"
"1976";"7"
"1976";"22"
"1977";"21"
"1977";"7"
"1977";"7"
"1978";"21"
"1978";"7"
"1978";"22"
"1979";"21"
"1979";"7"
"1979";"22"
"1980";"21"
"1980";"7"
"1980";"22"
"1981";"21"
"1981";"7"
"1981";"23"
"1982";"21"
"1982";"7"
"1982";"22"
"1983";"21"
"1983";"7"
"1983";"22"
"1984";"21"
"1984";"7"
"1984";"23"
"1985";"21"
"1985";"7"
"1985";"23"
"1986";"21"
"1986";"7"
"1986";"22"
"1987";"21"
"1987";"7"
"1987";"22"
"1988";"21"
"1988";"7"
"1988";"23"
"1989";"21"
"1989";"7"
"1989";"22"
"1990";"21"
"1990";"7"
"1990";"22"
"1991";"21"
"1991";"7"
"1991";"22"
"1992";"21"
"1992";"7"
"1992";"22"
"1993";"21"
"1993";"7"
"1993";"22"
"1994";"21"
"1994";"7"
"1994";"23"
"1995";"21"
"1995";"7"
"1995";"22"
"1996";"21"
"1996";"7"
"1996";"22"
"1997";"21"
"1997";"7"
"1997";"22"
"1998";"21"
"1998";"7"
"1998";"22"
"1999";"21"
"1999";"7"
"1999";"22"
"2000";"21"
"2000";"7"
"2000";"22"
"2001";"21"
"2001";"7"
"2001";"22"
"2002";"21"
"2002";"7"
"2002";"22"
"2003";"21"
"2003";"7"
"2003";"23"
"2004";"21"
"2004";"7"
"2004";"22"
"2005";"21"
"2005";"7"
"2005";"23"
"2006";"21"
"2006";"7"
"2006";"22"
"2007";"21"
"2007";"7"
"2007";"23"
"2008";"21"
"2008";"7"
"2008";"23"
"2009";"21"
"2009";"7"
"2009";"22"
"2010";"21"
"2010";"7"
"2010";"22"
"2011";"21"
"2011";"7"
"2011";"23"
"2012";"21"
"2012";"7"
"2012";"7"
"2013";"21"
"2013";"7"
"2013";"7"
"2014";"21"
"2014";"7"
"2014";"22"
"2015";"21"
"2015";"7"
"2015";"7"
"2016";"21"
"2016";"7"
"2016";"7"
"2017";"21"
"2017";"7"
"2017";"22"
"2018";"21"
"2018";"7"
"2018";"22"
"2019";"21"
"2019";"7"
"2019";"22"
"2020";"21"
"2020";"7"
"2020";"22"
"2021";"21"
"2021";"7"
"2021";"22"
"2022";"21"
"2022";"7"
"2022";"22"
"2023";"21"
"2023";"7"
"2023";"23"
"2024";"21"
"2024";"7"
"2024";"22"
"2025";"21"
"2025";"7"
"2025";"22"
"2026";"21"
"2026";"7"
"2026";"22"
"2027";"21"
"2027";"7"
"2027";"22"
"2028";"21"
"2028";"7"
"2028";"22"
"2029";"21"
"2029";"7"
"2029";"22"
"2030";"21"
"2030";"7"
"2030";"7"
"2031";"21"
"2031";"7"
"2031";"22"
"2032";"21"
"2032";"7"
"2032";"22"
"2033";"21"
"2033";"7"
"2033";"22"
"2034";"21"
"2034";"7"
"2034";"7"
"2035";"21"
"2035";"7"
"2035";"7"
"2036";"21"
"2036";"7"
"2036";"22"
"2037";"21"
"2037";"7"
"2037";"22"
"2038";"21"
"2038";"7"
"2038";"22"
"2039";"21"
"2039";"7"
"2039";"23"
"2040";"21"
"2040";"7"
"2040";"22"
"2041";"21"
"2041";"7"
"2041";"22"
"2042";"21"
"2042";"7"
"2042";"22"
"2043";"21"
"2043";"7"
"2043";"22"
"2044";"21"
"2044";"7"
"2044";"22"
"2045";"21"
"2045";"7"
"2045";"22"
"2046";"21"
"2046";"7"
"2046";"22"
"2047";"21"
"2047";"7"
"2047";"23"
"2048";"21"
"2048";"7"
"2048";"23"
"2049";"21"
"2049";"7"
"2049";"23"
"2050";"21"
"2050";"7"
"2050";"7"
"2051";"21"
"2051";"7"
"2051";"22"
"2052";"21"
"2052";"7"
"2052";"23"
"2053";"21"
"2053";"7"
"2053";"23"
"2054";"21"
"2054";"7"
"2054";"22"
"2055";"21"
"2055";"7"
"2055";"22"
"2056";"21"
"2056";"7"
"2056";"22"
"2057";"21"
"2057";"7"
"2057";"7"
"2058";"21"
"2058";"7"
"2058";"22"
"2059";"21"
"2059";"7"
"2059";"23"
"2060";"21"
"2060";"7"
"2060";"7"
"2061";"21"
"2061";"7"
"2061";"22"
"2062";"21"
"2062";"7"
"2062";"22"
"2063";"21"
"2063";"7"
"2063";"22"
"2064";"21"
"2064";"7"
"2064";"22"
"2065";"21"
"2065";"7"
"2065";"22"
"2066";"21"
"2066";"7"
"2066";"22"
"2067";"21"
"2067";"7"
"2067";"22"
"2068";"21"
"2068";"7"
"2068";"22"
"2069";"21"
"2069";"7"
"2069";"22"
"2070";"21"
"2070";"7"
"2070";"22"
"2071";"21"
"2071";"7"
"2071";"7"
"2072";"21"
"2072";"7"
"2072";"22"
"2073";"21"
"2073";"7"
"2073";"23"
"2074";"21"
"2074";"7"
"2074";"22"
"2075";"21"
"2075";"7"
"2075";"22"
"2076";"21"
"2076";"7"
"2076";"22"
"2077";"21"
"2077";"7"
"2077";"22"
"2078";"21"
"2078";"7"
"2078";"22"
"2079";"21"
"2079";"7"
"2079";"22"
"2080";"21"
"2080";"7"
"2080";"22"
"2081";"21"
"2081";"7"
"2081";"22"
"2082";"21"
"2082";"7"
"2082";"22"
"2083";"21"
"2083";"7"
"2083";"22"
"2084";"21"
"2084";"7"
"2084";"22"
"2085";"21"
"2085";"7"
"2085";"22"
"2086";"21"
"2086";"7"
"2086";"22"
"2087";"21"
"2087";"7"
"2087";"23"
"2088";"21"
"2088";"7"
"2088";"22"
"2089";"21"
"2089";"7"
"2089";"22"
"2090";"21"
"2090";"7"
"2090";"22"
"2091";"21"
"2091";"7"
"2091";"22"
"2092";"21"
"2092";"7"
"2092";"22"
"2093";"21"
"2093";"7"
"2093";"23"
"2094";"21"
"2094";"7"
"2094";"22"
"2095";"21"
"2095";"7"
"2095";"7"
"2096";"21"
"2096";"7"
"2096";"22"
"2097";"21"
"2097";"7"
"2097";"22"
"2098";"21"
"2098";"7"
"2098";"22"
"2099";"21"
"2099";"7"
"2099";"7"
"2100";"21"
"2100";"7"
"2100";"7"
"2101";"21"
"2101";"7"
"2101";"22"
"2102";"21"
"2102";"7"
"2102";"23"
"2103";"21"
"2103";"7"
"2103";"22"
"2104";"21"
"2104";"7"
"2104";"22"
"2105";"21"
"2105";"7"
"2105";"22"
"2106";"24"
"2106";"7"
"2106";"7"
"2107";"24"
"2107";"7"
"2107";"7"
"2108";"24"
"2108";"7"
"2108";"7"
"2109";"24"
"2109";"7"
"2109";"7"
"2110";"24"
"2110";"7"
"2110";"7"
"2111";"24"
"2111";"7"
"2111";"7"
"2112";"24"
"2112";"7"
"2112";"26"
"2113";"24"
"2113";"7"
"2113";"7"
"2114";"24"
"2114";"7"
"2114";"7"
"2115";"24"
"2115";"7"
"2115";"26"
"2116";"24"
"2116";"7"
"2116";"26"
"2117";"24"
"2117";"7"
"2117";"7"
"2118";"24"
"2118";"7"
"2118";"7"
"2119";"24"
"2119";"7"
"2119";"25"
"2120";"24"
"2120";"7"
"2120";"7"
"2121";"24"
"2121";"7"
"2121";"26"
"2122";"24"
"2122";"7"
"2122";"26"
"2123";"24"
"2123";"7"
"2123";"7"
"2124";"24"
"2124";"7"
"2124";"7"
"2125";"24"
"2125";"7"
"2125";"25"
"2126";"24"
"2126";"7"
"2126";"7"
"2127";"24"
"2127";"7"
"2127";"7"
"2128";"24"
"2128";"7"
"2128";"25"
"2129";"24"
"2129";"7"
"2129";"25"
"2130";"24"
"2130";"7"
"2130";"7"
"2131";"24"
"2131";"7"
"2131";"7"
"2132";"24"
"2132";"7"
"2132";"26"
"2133";"24"
"2133";"7"
"2133";"7"
"2134";"24"
"2134";"7"
"2134";"7"
"2135";"24"
"2135";"7"
"2135";"7"
"2136";"24"
"2136";"7"
"2136";"7"
"2137";"24"
"2137";"7"
"2137";"7"
"2138";"24"
"2138";"7"
"2138";"25"
"2139";"24"
"2139";"7"
"2139";"25"
"2140";"24"
"2140";"7"
"2140";"26"
"2141";"24"
"2141";"7"
"2141";"26"
"2142";"24"
"2142";"7"
"2142";"7"
"2143";"24"
"2143";"7"
"2143";"7"
"2144";"24"
"2144";"7"
"2144";"25"
"2145";"24"
"2145";"7"
"2145";"25"
"2146";"24"
"2146";"7"
"2146";"32"
"2147";"24"
"2147";"7"
"2147";"32"
"2148";"24"
"2148";"7"
"2148";"32"
"2149";"24"
"2149";"7"
"2149";"32"
"2150";"24"
"2150";"7"
"2150";"25"
"2151";"24"
"2151";"7"
"2151";"7"
"2152";"24"
"2152";"7"
"2152";"25"
"2153";"24"
"2153";"7"
"2153";"25"
"2154";"24"
"2154";"7"
"2154";"7"
"2155";"24"
"2155";"7"
"2155";"25"
"2156";"24"
"2156";"7"
"2156";"7"
"2157";"24"
"2157";"7"
"2157";"26"
"2158";"24"
"2158";"7"
"2158";"7"
"2159";"24"
"2159";"7"
"2159";"7"
"2160";"24"
"2160";"7"
"2160";"26"
"2161";"24"
"2161";"7"
"2161";"26"
"2162";"24"
"2162";"7"
"2162";"7"
"2163";"24"
"2163";"7"
"2163";"26"
"2164";"24"
"2164";"7"
"2164";"7"
"2165";"24"
"2165";"7"
"2165";"7"
"2166";"24"
"2166";"7"
"2166";"25"
"2167";"24"
"2167";"7"
"2167";"26"
"2168";"24"
"2168";"7"
"2168";"25"
"2169";"24"
"2169";"7"
"2169";"25"
"2170";"24"
"2170";"7"
"2170";"26"
"2171";"24"
"2171";"7"
"2171";"7"
"2172";"24"
"2172";"7"
"2172";"7"
"2173";"24"
"2173";"7"
"2173";"7"
"2174";"24"
"2174";"7"
"2174";"26"
"2175";"24"
"2175";"7"
"2175";"25"
"2176";"24"
"2176";"7"
"2176";"26"
"2177";"24"
"2177";"7"
"2177";"30"
"2178";"24"
"2178";"7"
"2178";"25"
"2179";"24"
"2179";"7"
"2179";"25"
"2180";"24"
"2180";"7"
"2180";"7"
"2181";"24"
"2181";"7"
"2181";"29"
"2182";"24"
"2182";"7"
"2182";"25"
"2183";"24"
"2183";"7"
"2183";"27"
"2184";"24"
"2184";"7"
"2184";"7"
"2185";"24"
"2185";"7"
"2185";"26"
"2186";"24"
"2186";"7"
"2186";"7"
"2187";"24"
"2187";"7"
"2187";"26"
"2188";"24"
"2188";"7"
"2188";"25"
"2189";"24"
"2189";"7"
"2189";"25"
"2190";"24"
"2190";"7"
"2190";"25"
"2191";"24"
"2191";"7"
"2191";"25"
"2192";"24"
"2192";"7"
"2192";"26"
"2193";"24"
"2193";"7"
"2193";"25"
"2194";"24"
"2194";"7"
"2194";"25"
"2195";"24"
"2195";"7"
"2195";"7"
"2196";"24"
"2196";"7"
"2196";"26"
"2197";"24"
"2197";"7"
"2197";"7"
"2198";"24"
"2198";"7"
"2198";"26"
"2199";"24"
"2199";"7"
"2199";"26"
"2200";"24"
"2200";"7"
"2200";"7"
"2201";"24"
"2201";"7"
"2201";"26"
"2202";"24"
"2202";"7"
"2202";"7"
"2203";"24"
"2203";"7"
"2203";"25"
"2204";"24"
"2204";"7"
"2204";"26"
"2205";"24"
"2205";"7"
"2205";"7"
"2206";"24"
"2206";"7"
"2206";"7"
"2207";"24"
"2207";"7"
"2207";"25"
"2208";"24"
"2208";"7"
"2208";"7"
"2209";"24"
"2209";"7"
"2209";"25"
"2210";"24"
"2210";"7"
"2210";"24"
"2211";"24"
"2211";"7"
"2211";"7"
"2212";"24"
"2212";"7"
"2212";"26"
"2213";"24"
"2213";"7"
"2213";"30"
"2214";"24"
"2214";"7"
"2214";"25"
"2215";"24"
"2215";"7"
"2215";"7"
"2216";"24"
"2216";"7"
"2216";"25"
"2217";"24"
"2217";"7"
"2217";"28"
"2218";"24"
"2218";"7"
"2218";"25"
"2219";"24"
"2219";"7"
"2219";"25"
"2220";"24"
"2220";"7"
"2220";"25"
"2221";"24"
"2221";"7"
"2221";"25"
"2222";"24"
"2222";"7"
"2222";"26"
"2223";"24"
"2223";"7"
"2223";"26"
"2224";"24"
"2224";"7"
"2224";"7"
"2225";"24"
"2225";"7"
"2225";"26"
"2226";"24"
"2226";"7"
"2226";"7"
"2227";"24"
"2227";"7"
"2227";"25"
"2228";"24"
"2228";"7"
"2228";"25"
"2229";"24"
"2229";"7"
"2229";"25"
"2230";"24"
"2230";"7"
"2230";"7"
"2231";"24"
"2231";"7"
"2231";"25"
"2232";"24"
"2232";"7"
"2232";"7"
"2233";"24"
"2233";"7"
"2233";"25"
"2234";"24"
"2234";"7"
"2234";"25"
"2235";"24"
"2235";"7"
"2235";"25"
"2236";"24"
"2236";"7"
"2236";"25"
"2237";"24"
"2237";"7"
"2237";"25"
"2238";"24"
"2238";"7"
"2238";"25"
"2239";"24"
"2239";"7"
"2239";"7"
"2240";"24"
"2240";"7"
"2240";"25"
"2241";"24"
"2241";"7"
"2241";"25"
"2242";"24"
"2242";"7"
"2242";"25"
"2243";"24"
"2243";"7"
"2243";"25"
"2244";"24"
"2244";"7"
"2244";"7"
"2245";"24"
"2245";"7"
"2245";"25"
"2246";"24"
"2246";"7"
"2246";"25"
"2247";"24"
"2247";"7"
"2247";"25"
"2248";"24"
"2248";"7"
"2248";"25"
"2249";"24"
"2249";"7"
"2249";"7"
"2250";"24"
"2250";"7"
"2250";"25"
"2251";"24"
"2251";"7"
"2251";"7"
"2252";"24"
"2252";"7"
"2252";"7"
"2253";"24"
"2253";"7"
"2253";"25"
"2254";"24"
"2254";"7"
"2254";"26"
"2255";"24"
"2255";"7"
"2255";"25"
"2256";"24"
"2256";"7"
"2256";"26"
"2257";"24"
"2257";"7"
"2257";"28"
"2258";"24"
"2258";"7"
"2258";"25"
"2259";"24"
"2259";"7"
"2259";"7"
"2260";"24"
"2260";"7"
"2260";"7"
"2261";"24"
"2261";"7"
"2261";"26"
"2262";"24"
"2262";"7"
"2262";"25"
"2263";"24"
"2263";"7"
"2263";"7"
"2264";"24"
"2264";"7"
"2264";"7"
"2265";"24"
"2265";"7"
"2265";"26"
"2266";"24"
"2266";"7"
"2266";"26"
"2267";"24"
"2267";"7"
"2267";"29"
"2268";"24"
"2268";"7"
"2268";"7"
"2269";"24"
"2269";"7"
"2269";"7"
"2270";"24"
"2270";"7"
"2270";"7"
"2271";"24"
"2271";"7"
"2271";"7"
"2272";"24"
"2272";"7"
"2272";"28"
"2273";"24"
"2273";"7"
"2273";"26"
"2274";"24"
"2274";"7"
"2274";"25"
"2275";"24"
"2275";"7"
"2275";"7"
"2276";"24"
"2276";"7"
"2276";"25"
"2277";"24"
"2277";"7"
"2277";"26"
"2278";"24"
"2278";"7"
"2278";"26"
"2279";"24"
"2279";"7"
"2279";"25"
"2280";"24"
"2280";"7"
"2280";"25"
"2281";"24"
"2281";"7"
"2281";"27"
"2282";"24"
"2282";"7"
"2282";"26"
"2283";"24"
"2283";"7"
"2283";"25"
"2284";"24"
"2284";"7"
"2284";"7"
"2285";"24"
"2285";"7"
"2285";"30"
"2286";"24"
"2286";"7"
"2286";"25"
"2287";"24"
"2287";"7"
"2287";"25"
"2288";"24"
"2288";"7"
"2288";"25"
"2289";"24"
"2289";"7"
"2289";"25"
"2290";"24"
"2290";"7"
"2290";"26"
"2291";"24"
"2291";"7"
"2291";"29"
"2292";"24"
"2292";"7"
"2292";"25"
"2293";"24"
"2293";"7"
"2293";"29"
"2294";"24"
"2294";"7"
"2294";"25"
"2295";"24"
"2295";"7"
"2295";"26"
"2296";"24"
"2296";"7"
"2296";"25"
"2297";"24"
"2297";"7"
"2297";"28"
"2298";"24"
"2298";"7"
"2298";"26"
"2299";"24"
"2299";"7"
"2299";"25"
"2300";"24"
"2300";"7"
"2300";"7"
"2301";"24"
"2301";"7"
"2301";"25"
"2302";"24"
"2302";"7"
"2302";"25"
"2303";"24"
"2303";"7"
"2303";"7"
"2304";"24"
"2304";"7"
"2304";"7"
"2305";"24"
"2305";"7"
"2305";"25"
"2306";"24"
"2306";"7"
"2306";"25"
"2307";"24"
"2307";"7"
"2307";"30"
"2308";"24"
"2308";"7"
"2308";"25"
"2309";"24"
"2309";"7"
"2309";"25"
"2310";"24"
"2310";"7"
"2310";"25"
"2311";"24"
"2311";"7"
"2311";"7"
"2312";"24"
"2312";"7"
"2312";"25"
"2313";"24"
"2313";"7"
"2313";"7"
"2314";"24"
"2314";"7"
"2314";"25"
"2315";"24"
"2315";"7"
"2315";"25"
"2316";"24"
"2316";"7"
"2316";"25"
"2317";"24"
"2317";"7"
"2317";"7"
"2318";"24"
"2318";"7"
"2318";"25"
"2319";"24"
"2319";"7"
"2319";"25"
"2320";"24"
"2320";"7"
"2320";"7"
"2321";"24"
"2321";"7"
"2321";"26"
"2322";"24"
"2322";"7"
"2322";"25"
"2323";"24"
"2323";"7"
"2323";"25"
"2324";"24"
"2324";"7"
"2324";"29"
"2325";"24"
"2325";"7"
"2325";"26"
"2326";"24"
"2326";"7"
"2326";"26"
"2327";"24"
"2327";"7"
"2327";"25"
"2328";"24"
"2328";"7"
"2328";"25"
"2329";"24"
"2329";"7"
"2329";"26"
"2330";"24"
"2330";"7"
"2330";"25"
"2331";"24"
"2331";"7"
"2331";"25"
"2332";"24"
"2332";"7"
"2332";"7"
"2333";"24"
"2333";"7"
"2333";"25"
"2334";"24"
"2334";"7"
"2334";"25"
"2335";"24"
"2335";"7"
"2335";"25"
"2336";"24"
"2336";"7"
"2336";"25"
"2337";"24"
"2337";"7"
"2337";"25"
"2338";"24"
"2338";"7"
"2338";"25"
"2339";"24"
"2339";"7"
"2339";"26"
"2340";"24"
"2340";"7"
"2340";"25"
"2341";"24"
"2341";"7"
"2341";"25"
"2342";"24"
"2342";"7"
"2342";"25"
"2343";"24"
"2343";"7"
"2343";"26"
"2344";"24"
"2344";"7"
"2344";"25"
"2345";"24"
"2345";"7"
"2345";"25"
"2346";"24"
"2346";"7"
"2346";"25"
"2347";"24"
"2347";"7"
"2347";"27"
"2348";"24"
"2348";"7"
"2348";"7"
"2349";"24"
"2349";"7"
"2349";"25"
"2350";"24"
"2350";"7"
"2350";"25"
"2351";"24"
"2351";"7"
"2351";"25"
"2352";"24"
"2352";"7"
"2352";"27"
"2353";"24"
"2353";"7"
"2353";"29"
"2354";"24"
"2354";"7"
"2354";"25"
"2355";"24"
"2355";"7"
"2355";"25"
"2356";"24"
"2356";"7"
"2356";"25"
"2357";"24"
"2357";"7"
"2357";"25"
"2358";"24"
"2358";"7"
"2358";"25"
"2359";"24"
"2359";"7"
"2359";"25"
"2360";"24"
"2360";"7"
"2360";"25"
"2361";"24"
"2361";"7"
"2361";"25"
"2362";"24"
"2362";"7"
"2362";"7"
"2363";"24"
"2363";"7"
"2363";"29"
"2364";"24"
"2364";"7"
"2364";"25"
"2365";"24"
"2365";"7"
"2365";"25"
"2366";"24"
"2366";"7"
"2366";"25"
"2367";"24"
"2367";"7"
"2367";"25"
"2368";"24"
"2368";"7"
"2368";"26"
"2369";"24"
"2369";"7"
"2369";"25"
"2370";"24"
"2370";"7"
"2370";"25"
"2371";"24"
"2371";"7"
"2371";"26"
"2372";"24"
"2372";"7"
"2372";"26"
"2373";"24"
"2373";"7"
"2373";"26"
"2374";"24"
"2374";"7"
"2374";"26"
"2375";"24"
"2375";"7"
"2375";"25"
"2376";"24"
"2376";"7"
"2376";"25"
"2377";"24"
"2377";"7"
"2377";"25"
"2378";"24"
"2378";"7"
"2378";"25"
"2379";"24"
"2379";"7"
"2379";"25"
"2380";"24"
"2380";"7"
"2380";"7"
"2381";"24"
"2381";"7"
"2381";"25"
"2382";"24"
"2382";"7"
"2382";"25"
"2383";"24"
"2383";"7"
"2383";"7"
"2384";"24"
"2384";"7"
"2384";"7"
"2385";"24"
"2385";"7"
"2385";"27"
"2386";"24"
"2386";"7"
"2386";"25"
"2387";"24"
"2387";"7"
"2387";"25"
"2388";"24"
"2388";"7"
"2388";"28"
"2389";"24"
"2389";"7"
"2389";"26"
"2390";"24"
"2390";"7"
"2390";"25"
"2391";"24"
"2391";"7"
"2391";"28"
"2392";"24"
"2392";"7"
"2392";"25"
"2393";"24"
"2393";"7"
"2393";"26"
"2394";"24"
"2394";"7"
"2394";"25"
"2395";"24"
"2395";"7"
"2395";"25"
"2396";"24"
"2396";"7"
"2396";"26"
"2397";"24"
"2397";"7"
"2397";"26"
"2398";"24"
"2398";"7"
"2398";"25"
"2399";"24"
"2399";"7"
"2399";"25"
"2400";"24"
"2400";"7"
"2400";"7"
"2401";"24"
"2401";"7"
"2401";"26"
"2402";"24"
"2402";"7"
"2402";"25"
"2403";"24"
"2403";"7"
"2403";"29"
"2404";"24"
"2404";"7"
"2404";"25"
"2405";"24"
"2405";"7"
"2405";"7"
"2406";"24"
"2406";"7"
"2406";"7"
"2407";"24"
"2407";"7"
"2407";"25"
"2408";"24"
"2408";"7"
"2408";"26"
"2409";"24"
"2409";"7"
"2409";"7"
"2410";"24"
"2410";"7"
"2410";"25"
"2411";"24"
"2411";"7"
"2411";"26"
"2412";"24"
"2412";"7"
"2412";"25"
"2413";"24"
"2413";"7"
"2413";"26"
"2414";"24"
"2414";"7"
"2414";"25"
"2415";"24"
"2415";"7"
"2415";"26"
"2416";"24"
"2416";"7"
"2416";"25"
"2417";"24"
"2417";"7"
"2417";"7"
"2418";"24"
"2418";"7"
"2418";"25"
"2419";"24"
"2419";"7"
"2419";"27"
"2420";"24"
"2420";"7"
"2420";"7"
"2421";"24"
"2421";"7"
"2421";"26"
"2422";"24"
"2422";"7"
"2422";"25"
"2423";"24"
"2423";"7"
"2423";"26"
"2424";"24"
"2424";"7"
"2424";"26"
"2425";"24"
"2425";"7"
"2425";"25"
"2426";"24"
"2426";"7"
"2426";"7"
"2427";"24"
"2427";"7"
"2427";"25"
"2428";"24"
"2428";"7"
"2428";"25"
"2429";"24"
"2429";"7"
"2429";"25"
"2430";"24"
"2430";"7"
"2430";"25"
"2431";"24"
"2431";"7"
"2431";"25"
"2432";"24"
"2432";"7"
"2432";"26"
"2433";"24"
"2433";"7"
"2433";"26"
"2434";"24"
"2434";"7"
"2434";"25"
"2435";"24"
"2435";"7"
"2435";"25"
"2436";"24"
"2436";"7"
"2436";"7"
"2437";"24"
"2437";"7"
"2437";"26"
"2438";"31"
"2438";"7"
"2438";"32"
"2439";"31"
"2439";"7"
"2439";"32"
"2440";"31"
"2440";"7"
"2440";"32"
"2441";"31"
"2441";"7"
"2441";"32"
"2442";"31"
"2442";"7"
"2442";"32"
"2443";"31"
"2443";"7"
"2443";"7"
"2444";"31"
"2444";"7"
"2444";"32"
"2445";"31"
"2445";"7"
"2445";"32"
"2446";"31"
"2446";"7"
"2446";"7"
"2447";"31"
"2447";"7"
"2447";"7"
"2448";"31"
"2448";"7"
"2448";"7"
"2449";"31"
"2449";"7"
"2449";"32"
"2450";"31"
"2450";"7"
"2450";"7"
"2451";"31"
"2451";"7"
"2451";"32"
"2452";"31"
"2452";"7"
"2452";"32"
"2453";"31"
"2453";"7"
"2453";"32"
"2454";"31"
"2454";"7"
"2454";"7"
"2455";"31"
"2455";"7"
"2455";"7"
"2456";"31"
"2456";"7"
"2456";"7"
"2457";"31"
"2457";"7"
"2457";"32"
"2458";"31"
"2458";"7"
"2458";"32"
"2459";"31"
"2459";"7"
"2459";"32"
"2460";"31"
"2460";"7"
"2460";"32"
"2461";"31"
"2461";"7"
"2461";"7"
"2462";"31"
"2462";"7"
"2462";"7"
"2463";"31"
"2463";"7"
"2463";"7"
"2464";"31"
"2464";"7"
"2464";"7"
"2465";"31"
"2465";"7"
"2465";"7"
"2466";"31"
"2466";"7"
"2466";"32"
"2467";"31"
"2467";"7"
"2467";"7"
"2468";"31"
"2468";"7"
"2468";"32"
"2469";"31"
"2469";"7"
"2469";"7"
"2470";"31"
"2470";"7"
"2470";"7"
"2471";"31"
"2471";"7"
"2471";"32"
"2472";"31"
"2472";"7"
"2472";"7"
"2473";"31"
"2473";"7"
"2473";"7"
"2474";"31"
"2474";"7"
"2474";"7"
"2475";"31"
"2475";"7"
"2475";"7"
"2476";"31"
"2476";"7"
"2476";"7"
"2477";"31"
"2477";"7"
"2477";"7"
"2478";"31"
"2478";"7"
"2478";"7"
"2479";"31"
"2479";"7"
"2479";"7"
"2480";"31"
"2480";"7"
"2480";"7"
"2481";"31"
"2481";"7"
"2481";"7"
"2482";"31"
"2482";"7"
"2482";"7"
"2483";"31"
"2483";"7"
"2483";"7"
"2484";"31"
"2484";"7"
"2484";"7"
"2485";"31"
"2485";"7"
"2485";"7"
"2486";"31"
"2486";"7"
"2486";"7"
"2487";"31"
"2487";"7"
"2487";"32"
"2488";"31"
"2488";"7"
"2488";"7"
"2489";"31"
"2489";"7"
"2489";"7"
"2490";"31"
"2490";"7"
"2490";"7"
"2491";"31"
"2491";"7"
"2491";"7"
"2492";"31"
"2492";"7"
"2492";"32"
"2493";"31"
"2493";"7"
"2493";"7"
"2494";"31"
"2494";"7"
"2494";"7"
"2495";"31"
"2495";"7"
"2495";"7"
"2496";"31"
"2496";"7"
"2496";"7"
"2497";"31"
"2497";"7"
"2497";"7"
"2498";"31"
"2498";"7"
"2498";"7"
"2499";"31"
"2499";"7"
"2499";"7"
"2500";"31"
"2500";"7"
"2500";"7"
"2501";"31"
"2501";"7"
"2501";"7"
"2502";"31"
"2502";"7"
"2502";"7"
"2503";"31"
"2503";"7"
"2503";"7"
"2504";"31"
"2504";"7"
"2504";"7"
"2505";"31"
"2505";"7"
"2505";"32"
"2506";"31"
"2506";"7"
"2506";"7"
"2507";"31"
"2507";"7"
"2507";"7"
"2508";"31"
"2508";"7"
"2508";"7"
"2509";"31"
"2509";"7"
"2509";"7"
"2510";"31"
"2510";"7"
"2510";"25"
"2511";"31"
"2511";"7"
"2511";"7"
"2512";"31"
"2512";"7"
"2512";"7"
"2513";"31"
"2513";"7"
"2513";"7"
"2514";"31"
"2514";"7"
"2514";"7"
"2515";"31"
"2515";"7"
"2515";"7"
"2516";"31"
"2516";"7"
"2516";"7"
"2517";"31"
"2517";"7"
"2517";"7"
"2518";"31"
"2518";"7"
"2518";"7"
"2519";"31"
"2519";"7"
"2519";"7"
"2520";"31"
"2520";"7"
"2520";"7"
"2521";"31"
"2521";"7"
"2521";"7"
"2522";"31"
"2522";"7"
"2522";"7"
"2523";"31"
"2523";"7"
"2523";"32"
"2524";"31"
"2524";"7"
"2524";"7"
"2525";"31"
"2525";"7"
"2525";"7"
"2526";"31"
"2526";"7"
"2526";"25"
"2527";"31"
"2527";"7"
"2527";"32"
"2528";"31"
"2528";"7"
"2528";"7"
"2529";"31"
"2529";"7"
"2529";"7"
"2530";"31"
"2530";"7"
"2530";"32"
"2531";"31"
"2531";"7"
"2531";"7"
"2532";"31"
"2532";"7"
"2532";"7"
"2533";"31"
"2533";"7"
"2533";"7"
"2534";"31"
"2534";"7"
"2534";"7"
"2535";"31"
"2535";"7"
"2535";"7"
"2536";"31"
"2536";"7"
"2536";"7"
"2537";"31"
"2537";"7"
"2537";"7"
"2538";"31"
"2538";"7"
"2538";"7"
"2539";"31"
"2539";"7"
"2539";"7"
"2540";"31"
"2540";"7"
"2540";"7"
"2541";"31"
"2541";"7"
"2541";"7"
"2542";"31"
"2542";"7"
"2542";"7"
"2543";"31"
"2543";"7"
"2543";"7"
"2544";"31"
"2544";"7"
"2544";"7"
"2545";"31"
"2545";"7"
"2545";"7"
"2546";"31"
"2546";"7"
"2546";"7"
"2547";"31"
"2547";"7"
"2547";"7"
"2548";"31"
"2548";"7"
"2548";"7"
"2549";"31"
"2549";"7"
"2549";"7"
"2550";"31"
"2550";"7"
"2550";"7"
"2551";"31"
"2551";"7"
"2551";"7"
"2552";"31"
"2552";"7"
"2552";"7"
"2553";"31"
"2553";"7"
"2553";"25"
"2554";"31"
"2554";"7"
"2554";"7"
"2555";"31"
"2555";"7"
"2555";"7"
"2556";"31"
"2556";"7"
"2556";"7"
"2557";"31"
"2557";"7"
"2557";"7"
"2558";"31"
"2558";"7"
"2558";"7"
"2559";"31"
"2559";"7"
"2559";"7"
"2560";"31"
"2560";"7"
"2560";"7"
"2561";"31"
"2561";"7"
"2561";"7"
"2562";"31"
"2562";"7"
"2562";"7"
"2563";"31"
"2563";"7"
"2563";"7"
"2564";"31"
"2564";"7"
"2564";"7"
"2565";"31"
"2565";"7"
"2565";"7"
"2566";"31"
"2566";"7"
"2566";"7"
"2567";"31"
"2567";"7"
"2567";"7"
"2568";"31"
"2568";"7"
"2568";"7"
"2569";"31"
"2569";"7"
"2569";"7"
"2570";"31"
"2570";"7"
"2570";"32"
"2571";"31"
"2571";"7"
"2571";"32"
"2572";"31"
"2572";"7"
"2572";"7"
"2573";"31"
"2573";"7"
"2573";"7"
"2574";"31"
"2574";"7"
"2574";"7"
"2575";"31"
"2575";"7"
"2575";"7"
"2576";"31"
"2576";"7"
"2576";"7"
"2577";"31"
"2577";"7"
"2577";"7"
"2578";"31"
"2578";"7"
"2578";"7"
"2579";"31"
"2579";"7"
"2579";"7"
"2580";"31"
"2580";"7"
"2580";"7"
"2581";"31"
"2581";"7"
"2581";"7"
"2582";"31"
"2582";"7"
"2582";"7"
"2583";"31"
"2583";"7"
"2583";"7"
"2584";"31"
"2584";"7"
"2584";"32"
"2585";"31"
"2585";"7"
"2585";"7"
"2586";"31"
"2586";"7"
"2586";"7"
"2587";"31"
"2587";"7"
"2587";"7"
"2588";"31"
"2588";"7"
"2588";"7"
"2589";"31"
"2589";"7"
"2589";"7"
"2590";"41"
"2590";"7"
"2590";"41"
"2591";"41"
"2591";"7"
"2591";"41"
"2592";"41"
"2592";"7"
"2592";"7"
"2593";"41"
"2593";"7"
"2593";"7"
"2594";"41"
"2594";"7"
"2594";"41"
"2595";"41"
"2595";"7"
"2595";"7"
"2596";"41"
"2596";"7"
"2596";"7"
"2597";"41"
"2597";"7"
"2597";"7"
"2598";"41"
"2598";"7"
"2598";"41"
"2599";"41"
"2599";"7"
"2599";"7"
"2600";"41"
"2600";"7"
"2600";"7"
"2601";"41"
"2601";"7"
"2601";"7"
"2602";"41"
"2602";"7"
"2602";"41"
"2603";"41"
"2603";"7"
"2603";"41"
"2604";"41"
"2604";"7"
"2604";"7"
"2605";"41"
"2605";"7"
"2605";"41"
"2606";"41"
"2606";"7"
"2606";"7"
"2607";"41"
"2607";"7"
"2607";"41"
"2608";"41"
"2608";"7"
"2608";"7"
"2609";"41"
"2609";"7"
"2609";"7"
"2610";"41"
"2610";"7"
"2610";"41"
"2611";"41"
"2611";"7"
"2611";"7"
"2612";"41"
"2612";"7"
"2612";"7"
"2613";"41"
"2613";"7"
"2613";"41"
"2614";"41"
"2614";"7"
"2614";"41"
"2615";"41"
"2615";"7"
"2615";"41"
"2616";"41"
"2616";"7"
"2616";"41"
"2617";"41"
"2617";"7"
"2617";"41"
"2618";"41"
"2618";"7"
"2618";"41"
"2619";"41"
"2619";"7"
"2619";"7"
"2620";"41"
"2620";"7"
"2620";"7"
"2621";"41"
"2621";"7"
"2621";"7"
"2622";"41"
"2622";"7"
"2622";"7"
"2623";"41"
"2623";"7"
"2623";"7"
"2624";"41"
"2624";"7"
"2624";"7"
"2625";"41"
"2625";"7"
"2625";"7"
"2626";"41"
"2626";"7"
"2626";"7"
"2627";"41"
"2627";"7"
"2627";"7"
"2628";"41"
"2628";"7"
"2628";"41"
"2629";"41"
"2629";"7"
"2629";"41"
"2630";"41"
"2630";"7"
"2630";"7"
"2631";"41"
"2631";"7"
"2631";"41"
"2632";"41"
"2632";"7"
"2632";"7"
"2633";"41"
"2633";"7"
"2633";"41"
"2634";"41"
"2634";"7"
"2634";"41"
"2635";"41"
"2635";"7"
"2635";"7"
"2636";"41"
"2636";"7"
"2636";"41"
"2637";"41"
"2637";"7"
"2637";"41"
"2638";"41"
"2638";"7"
"2638";"41"
"2639";"41"
"2639";"7"
"2639";"41"
"2640";"41"
"2640";"7"
"2640";"41"
"2641";"41"
"2641";"7"
"2641";"7"
"2642";"41"
"2642";"7"
"2642";"41"
"2643";"41"
"2643";"7"
"2643";"41"
"2644";"41"
"2644";"7"
"2644";"41"
"2645";"41"
"2645";"7"
"2645";"41"
"2646";"41"
"2646";"7"
"2646";"41"
"2647";"41"
"2647";"7"
"2647";"41"
"2648";"41"
"2648";"7"
"2648";"41"
"2649";"41"
"2649";"7"
"2649";"41"
"2650";"41"
"2650";"7"
"2650";"7"
"2651";"41"
"2651";"7"
"2651";"7"
"2652";"41"
"2652";"7"
"2652";"41"
"2653";"41"
"2653";"7"
"2653";"41"
"2654";"41"
"2654";"7"
"2654";"41"
"2655";"41"
"2655";"7"
"2655";"41"
"2656";"41"
"2656";"7"
"2656";"41"
"2657";"41"
"2657";"7"
"2657";"7"
"2658";"41"
"2658";"7"
"2658";"41"
"2659";"41"
"2659";"7"
"2659";"41"
"2660";"41"
"2660";"7"
"2660";"41"
"2661";"41"
"2661";"7"
"2661";"41"
"2662";"41"
"2662";"7"
"2662";"41"
"2663";"41"
"2663";"7"
"2663";"41"
"2664";"41"
"2664";"7"
"2664";"41"
"2665";"41"
"2665";"7"
"2665";"41"
"2666";"41"
"2666";"7"
"2666";"41"
"2667";"41"
"2667";"7"
"2667";"41"
"2668";"41"
"2668";"7"
"2668";"41"
"2669";"41"
"2669";"7"
"2669";"41"
"2670";"41"
"2670";"7"
"2670";"41"
"2671";"41"
"2671";"7"
"2671";"41"
"2672";"41"
"2672";"7"
"2672";"41"
"2673";"41"
"2673";"7"
"2673";"7"
"2674";"41"
"2674";"7"
"2674";"7"
"2675";"41"
"2675";"7"
"2675";"7"
"2676";"41"
"2676";"7"
"2676";"41"
"2677";"41"
"2677";"7"
"2677";"41"
"2678";"41"
"2678";"7"
"2678";"7"
"2679";"41"
"2679";"7"
"2679";"41"
"2680";"41"
"2680";"7"
"2680";"41"
"2681";"41"
"2681";"7"
"2681";"41"
"2682";"41"
"2682";"7"
"2682";"41"
"2683";"41"
"2683";"7"
"2683";"41"
"2684";"37"
"2684";"7"
"2684";"7"
"2685";"37"
"2685";"7"
"2685";"38"
"2686";"37"
"2686";"7"
"2686";"39"
"2687";"37"
"2687";"7"
"2687";"38"
"2688";"37"
"2688";"7"
"2688";"39"
"2689";"37"
"2689";"7"
"2689";"39"
"2690";"37"
"2690";"7"
"2690";"7"
"2691";"37"
"2691";"7"
"2691";"39"
"2692";"37"
"2692";"7"
"2692";"7"
"2693";"37"
"2693";"7"
"2693";"39"
"2694";"37"
"2694";"7"
"2694";"7"
"2695";"37"
"2695";"7"
"2695";"39"
"2696";"37"
"2696";"7"
"2696";"39"
"2697";"37"
"2697";"7"
"2697";"39"
"2698";"37"
"2698";"7"
"2698";"7"
"2699";"37"
"2699";"7"
"2699";"39"
"2700";"37"
"2700";"7"
"2700";"39"
"2701";"37"
"2701";"7"
"2701";"7"
"2702";"37"
"2702";"7"
"2702";"39"
"2703";"37"
"2703";"7"
"2703";"39"
"2704";"37"
"2704";"7"
"2704";"39"
"2705";"37"
"2705";"7"
"2705";"39"
"2706";"37"
"2706";"7"
"2706";"39"
"2707";"37"
"2707";"7"
"2707";"39"
"2708";"37"
"2708";"7"
"2708";"7"
"2709";"37"
"2709";"7"
"2709";"39"
"2710";"37"
"2710";"7"
"2710";"38"
"2711";"37"
"2711";"7"
"2711";"39"
"2712";"37"
"2712";"7"
"2712";"39"
"2713";"37"
"2713";"7"
"2713";"39"
"2714";"37"
"2714";"7"
"2714";"7"
"2715";"37"
"2715";"7"
"2715";"39"
"2716";"37"
"2716";"7"
"2716";"39"
"2717";"37"
"2717";"7"
"2717";"39"
"2718";"37"
"2718";"7"
"2718";"39"
"2719";"37"
"2719";"7"
"2719";"39"
"2720";"37"
"2720";"7"
"2720";"38"
"2721";"37"
"2721";"7"
"2721";"39"
"2722";"37"
"2722";"7"
"2722";"39"
"2723";"37"
"2723";"7"
"2723";"39"
"2724";"37"
"2724";"7"
"2724";"7"
"2725";"37"
"2725";"7"
"2725";"38"
"2726";"37"
"2726";"7"
"2726";"39"
"2727";"37"
"2727";"7"
"2727";"39"
"2728";"37"
"2728";"7"
"2728";"7"
"2729";"37"
"2729";"7"
"2729";"39"
"2730";"37"
"2730";"7"
"2730";"39"
"2731";"37"
"2731";"7"
"2731";"39"
"2732";"37"
"2732";"7"
"2732";"39"
"2733";"37"
"2733";"7"
"2733";"39"
"2734";"37"
"2734";"7"
"2734";"39"
"2735";"37"
"2735";"7"
"2735";"39"
"2736";"37"
"2736";"7"
"2736";"39"
"2737";"37"
"2737";"7"
"2737";"39"
"2738";"37"
"2738";"7"
"2738";"39"
"2739";"37"
"2739";"7"
"2739";"7"
"2740";"37"
"2740";"7"
"2740";"39"
"2741";"37"
"2741";"7"
"2741";"39"
"2742";"37"
"2742";"7"
"2742";"39"
"2743";"40"
"2743";"7"
"2743";"7"
"2744";"40"
"2744";"7"
"2744";"7"
"2745";"40"
"2745";"7"
"2745";"7"
"2746";"40"
"2746";"7"
"2746";"7"
"2747";"40"
"2747";"7"
"2747";"7"
"2748";"40"
"2748";"7"
"2748";"7"
"2749";"40"
"2749";"7"
"2749";"7"
"2750";"40"
"2750";"7"
"2750";"7"
"2751";"40"
"2751";"7"
"2751";"7"
"2752";"40"
"2752";"7"
"2752";"7"
"2753";"40"
"2753";"7"
"2753";"7"
"2754";"40"
"2754";"7"
"2754";"7"
"2755";"40"
"2755";"7"
"2755";"7"
"2756";"40"
"2756";"7"
"2756";"7"
"2757";"40"
"2757";"7"
"2757";"7"
"2758";"40"
"2758";"7"
"2758";"7"
"2759";"40"
"2759";"7"
"2759";"39"
"2760";"40"
"2760";"7"
"2760";"7"
"2761";"40"
"2761";"7"
"2761";"7"
"2762";"40"
"2762";"7"
"2762";"7"
"2763";"40"
"2763";"7"
"2763";"7"
"2764";"40"
"2764";"7"
"2764";"7"
"2765";"40"
"2765";"7"
"2765";"7"
"2766";"40"
"2766";"7"
"2766";"7"
"2767";"40"
"2767";"7"
"2767";"7"
"2768";"40"
"2768";"7"
"2768";"7"
"2769";"40"
"2769";"7"
"2769";"7"
"2770";"40"
"2770";"7"
"2770";"7"
"2771";"40"
"2771";"7"
"2771";"7"
"2772";"40"
"2772";"7"
"2772";"7"
"2773";"40"
"2773";"7"
"2773";"7"
"2774";"40"
"2774";"7"
"2774";"7"
