"11";"1";"1";"0"
"12";"2";"1";"0"
"13";"3";"1";"0"
"14";"4";"1";"0"
"15";"5";"1";"0"
"16";"6";"1";"0"
"17";"7";"1";"0"
"18";"8";"1";"0"
"19";"9";"1";"0"
"20";"10";"1";"0"
"21";"11";"1";"0"
"22";"12";"1";"0"
"23";"13";"1";"0"
"24";"14";"1";"0"
"25";"15";"1";"0"
"26";"16";"1";"0"
"27";"17";"1";"0"
"28";"18";"1";"0"
"29";"19";"1";"0"
"30";"20";"1";"0"
"31";"21";"1";"0"
"32";"22";"1";"0"
"33";"23";"1";"0"
"34";"24";"1";"0"
"35";"25";"1";"0"
"36";"26";"1";"0"
"37";"27";"1";"0"
"38";"28";"1";"0"
"39";"29";"1";"0"
"40";"30";"1";"0"
"41";"31";"1";"0"
"42";"32";"1";"0"
"43";"33";"1";"0"
"44";"34";"1";"0"
"45";"35";"1";"0"
"46";"36";"1";"0"
"47";"37";"1";"0"
"48";"38";"1";"0"
"49";"39";"1";"0"
"50";"40";"1";"0"
"51";"41";"1";"0"
"52";"42";"1";"0"
"53";"43";"1";"0"
"54";"44";"1";"0"
"55";"45";"1";"0"
"56";"46";"1";"0"
"57";"47";"1";"0"
"58";"48";"1";"0"
"59";"49";"1";"0"
"60";"50";"1";"0"
"61";"51";"1";"0"
"62";"52";"1";"0"
"63";"53";"1";"0"
"64";"54";"1";"0"
"65";"55";"1";"0"
"66";"56";"1";"0"
"67";"57";"1";"0"
"68";"58";"1";"0"
"69";"59";"1";"0"
"70";"60";"1";"0"
"71";"61";"1";"0"
"72";"62";"1";"0"
"73";"63";"1";"0"
"74";"64";"1";"0"
"75";"65";"1";"0"
"76";"66";"1";"0"
"77";"67";"1";"0"
"78";"68";"1";"0"
"79";"69";"1";"0"
"80";"70";"1";"0"
"81";"71";"1";"0"
"82";"72";"1";"0"
"83";"73";"1";"0"
"84";"74";"1";"0"
"85";"75";"1";"0"
"86";"76";"1";"0"
"87";"77";"1";"0"
"88";"78";"1";"0"
"89";"79";"1";"0"
"90";"80";"1";"0"
"91";"81";"1";"0"
"92";"82";"1";"0"
"93";"83";"1";"0"
"94";"84";"1";"0"
"95";"85";"1";"0"
"96";"86";"1";"0"
"97";"87";"1";"0"
"98";"88";"1";"0"
"99";"89";"1";"0"
"100";"90";"1";"0"
"101";"91";"1";"0"
"102";"92";"1";"0"
"103";"93";"1";"0"
"104";"94";"1";"0"
"105";"95";"1";"0"
"106";"96";"1";"0"
"107";"97";"1";"0"
"108";"98";"1";"0"
"109";"99";"1";"0"
"110";"100";"1";"0"
"111";"101";"1";"0"
"112";"102";"1";"0"
"113";"103";"1";"0"
"114";"104";"1";"0"
"115";"105";"1";"0"
"116";"106";"1";"0"
"117";"107";"1";"0"
"118";"108";"1";"0"
"119";"109";"1";"0"
"120";"110";"1";"0"
"121";"111";"1";"0"
"122";"112";"1";"0"
"123";"113";"1";"0"
"124";"114";"1";"0"
"125";"115";"1";"0"
"126";"116";"1";"0"
"127";"117";"1";"0"
"128";"118";"1";"0"
"129";"119";"1";"0"
"130";"120";"1";"0"
"131";"121";"1";"0"
"132";"122";"1";"0"
"133";"123";"1";"0"
"134";"124";"1";"0"
"135";"125";"1";"0"
"136";"126";"1";"0"
"137";"127";"1";"0"
"138";"128";"1";"0"
"139";"129";"1";"0"
"140";"130";"1";"0"
"141";"131";"1";"0"
"142";"132";"1";"0"
"143";"133";"1";"0"
"144";"134";"1";"0"
"145";"135";"1";"0"
"146";"136";"1";"0"
"147";"137";"1";"0"
"148";"138";"1";"0"
"149";"139";"1";"0"
"150";"140";"1";"0"
"151";"141";"1";"0"
"152";"142";"1";"0"
"153";"143";"1";"0"
"154";"144";"1";"0"
"155";"145";"1";"0"
"156";"146";"1";"0"
"157";"147";"1";"0"
"158";"148";"1";"0"
"159";"149";"1";"0"
"160";"150";"1";"0"
"161";"151";"1";"0"
"162";"152";"1";"0"
"163";"153";"1";"0"
"164";"154";"1";"0"
"165";"155";"1";"0"
"166";"156";"1";"0"
"167";"157";"1";"0"
"168";"158";"1";"0"
"169";"159";"1";"0"
"170";"160";"1";"0"
"171";"161";"1";"0"
"172";"162";"1";"0"
"173";"163";"1";"0"
"174";"164";"1";"0"
"175";"165";"1";"0"
"176";"166";"1";"0"
"177";"167";"1";"0"
"178";"168";"1";"0"
"179";"169";"1";"0"
"180";"170";"1";"0"
"181";"171";"1";"0"
"182";"172";"1";"0"
"183";"173";"1";"0"
"184";"174";"1";"0"
"185";"175";"1";"0"
"186";"176";"1";"0"
"187";"177";"1";"0"
"188";"178";"1";"0"
"189";"179";"1";"0"
"190";"180";"1";"0"
"191";"181";"1";"0"
"192";"182";"1";"0"
"193";"183";"1";"0"
"194";"184";"1";"0"
"195";"185";"1";"0"
"196";"186";"1";"0"
"197";"187";"1";"0"
"198";"188";"1";"0"
"199";"189";"1";"0"
"200";"190";"1";"0"
"201";"191";"1";"0"
"202";"192";"1";"0"
"203";"193";"1";"0"
"204";"194";"1";"0"
"205";"195";"1";"0"
"206";"196";"1";"0"
"207";"197";"1";"0"
"208";"198";"1";"0"
"209";"199";"1";"0"
"210";"200";"1";"0"
"211";"201";"1";"0"
"212";"202";"1";"0"
"213";"203";"1";"0"
"214";"204";"1";"0"
"215";"205";"1";"0"
"216";"206";"1";"0"
"217";"207";"1";"0"
"218";"208";"1";"0"
"219";"209";"1";"0"
"220";"210";"1";"0"
"221";"211";"1";"0"
"222";"212";"1";"0"
"223";"213";"1";"0"
"224";"214";"1";"0"
"225";"215";"1";"0"
"226";"216";"1";"0"
"227";"217";"1";"0"
"228";"218";"1";"0"
"229";"219";"1";"0"
"230";"220";"1";"0"
"231";"221";"1";"0"
"232";"222";"1";"0"
"233";"223";"1";"0"
"234";"224";"1";"0"
"235";"225";"1";"0"
"236";"226";"1";"0"
"237";"227";"1";"0"
"238";"228";"1";"0"
"239";"229";"1";"0"
"240";"230";"1";"0"
"241";"231";"1";"0"
"242";"232";"1";"0"
"243";"233";"1";"0"
"244";"234";"1";"0"
"245";"235";"1";"0"
"246";"236";"1";"0"
"247";"237";"1";"0"
"248";"238";"1";"0"
"249";"239";"1";"0"
"250";"240";"1";"0"
"251";"241";"1";"0"
"252";"242";"1";"0"
"253";"243";"1";"0"
"254";"244";"1";"0"
"255";"245";"1";"0"
"256";"246";"1";"0"
"257";"247";"1";"0"
"258";"248";"1";"0"
"259";"249";"1";"0"
"260";"250";"1";"0"
"261";"251";"1";"0"
"262";"252";"1";"0"
"263";"253";"1";"0"
"264";"254";"1";"0"
"265";"255";"1";"0"
"266";"256";"1";"0"
"267";"257";"1";"0"
"268";"258";"1";"0"
"269";"259";"1";"0"
"270";"260";"1";"0"
"271";"261";"1";"0"
"272";"262";"1";"0"
"273";"263";"1";"0"
"274";"264";"1";"0"
"275";"265";"1";"0"
"276";"266";"1";"0"
"277";"267";"1";"0"
"278";"268";"1";"0"
"279";"269";"1";"0"
"280";"270";"1";"0"
"281";"271";"1";"0"
"282";"272";"1";"0"
"283";"273";"1";"0"
"284";"274";"1";"0"
"285";"275";"1";"0"
"286";"276";"1";"0"
"287";"277";"1";"0"
"288";"278";"1";"0"
"289";"279";"1";"0"
"290";"280";"1";"0"
"291";"281";"1";"0"
"292";"282";"1";"0"
"293";"283";"1";"0"
"294";"284";"1";"0"
"295";"285";"1";"0"
"296";"286";"1";"0"
"297";"287";"1";"0"
"298";"288";"1";"0"
"299";"289";"1";"0"
"300";"290";"1";"0"
"301";"291";"1";"0"
"302";"292";"1";"0"
"303";"293";"1";"0"
"304";"294";"1";"0"
"305";"295";"1";"0"
"306";"296";"1";"0"
"307";"297";"1";"0"
"308";"298";"1";"0"
"309";"299";"1";"0"
"310";"300";"1";"0"
"311";"301";"1";"0"
"312";"302";"1";"0"
"313";"303";"1";"0"
"314";"304";"1";"0"
"315";"305";"1";"0"
"316";"306";"1";"0"
"317";"307";"1";"0"
"318";"308";"1";"0"
"319";"309";"1";"0"
"320";"310";"1";"0"
"321";"311";"1";"0"
"322";"312";"1";"0"
"323";"313";"1";"0"
"324";"314";"1";"0"
"325";"315";"1";"0"
"326";"316";"1";"0"
"327";"317";"1";"0"
"328";"318";"1";"0"
"329";"319";"1";"0"
"330";"320";"1";"0"
"331";"321";"1";"0"
"332";"322";"1";"0"
"333";"323";"1";"0"
"334";"324";"1";"0"
"335";"325";"1";"0"
"336";"326";"1";"0"
"337";"327";"1";"0"
"338";"328";"1";"0"
"339";"329";"1";"0"
"340";"330";"1";"0"
"341";"331";"1";"0"
"342";"332";"1";"0"
"343";"333";"1";"0"
"344";"334";"1";"0"
"345";"335";"1";"0"
"346";"336";"1";"0"
"347";"337";"1";"0"
"348";"338";"1";"0"
"349";"339";"1";"0"
"350";"340";"1";"0"
"351";"341";"1";"0"
"352";"342";"1";"0"
"353";"343";"1";"0"
"354";"344";"1";"0"
"355";"345";"1";"0"
"356";"346";"1";"0"
"357";"347";"1";"0"
"358";"348";"1";"0"
"359";"349";"1";"0"
"360";"350";"1";"0"
"361";"351";"1";"0"
"362";"352";"1";"0"
"363";"353";"1";"0"
"364";"354";"1";"0"
"365";"355";"1";"0"
"366";"356";"1";"0"
"367";"357";"1";"0"
"368";"358";"1";"0"
"369";"359";"1";"0"
"370";"360";"1";"0"
"371";"361";"1";"0"
"372";"362";"1";"0"
"373";"363";"1";"0"
"374";"364";"1";"0"
"375";"365";"1";"0"
"376";"366";"1";"0"
"377";"367";"1";"0"
"378";"368";"1";"0"
"379";"369";"1";"0"
"380";"370";"1";"0"
"381";"371";"1";"0"
"382";"372";"1";"0"
"383";"373";"1";"0"
"384";"374";"1";"0"
"385";"375";"1";"0"
"386";"376";"1";"0"
"387";"377";"1";"0"
"388";"378";"1";"0"
"389";"379";"1";"0"
"390";"380";"1";"0"
"391";"381";"1";"0"
"392";"382";"1";"0"
"393";"383";"1";"0"
"394";"384";"1";"0"
"395";"385";"1";"0"
"396";"386";"1";"0"
"397";"387";"1";"0"
"398";"388";"1";"0"
"399";"389";"1";"0"
"400";"390";"1";"0"
"401";"391";"1";"0"
"402";"392";"1";"0"
"403";"393";"1";"0"
"404";"394";"1";"0"
"405";"395";"1";"0"
"406";"396";"1";"0"
"407";"397";"1";"0"
"408";"398";"1";"0"
"409";"399";"1";"0"
"410";"400";"1";"0"
"411";"401";"1";"0"
"412";"402";"1";"0"
"413";"403";"1";"0"
"414";"404";"1";"0"
"415";"405";"1";"0"
"416";"406";"1";"0"
"417";"407";"1";"0"
"418";"408";"1";"0"
"419";"409";"1";"0"
"420";"410";"1";"0"
"421";"411";"1";"0"
"422";"412";"1";"0"
"423";"413";"1";"0"
"424";"414";"1";"0"
"425";"415";"1";"0"
"426";"416";"1";"0"
"427";"417";"1";"0"
"428";"418";"1";"0"
"429";"419";"1";"0"
"430";"420";"1";"0"
"431";"421";"1";"0"
"432";"422";"1";"0"
"433";"423";"1";"0"
"434";"424";"1";"0"
"435";"425";"1";"0"
"436";"426";"1";"0"
"437";"427";"1";"0"
"438";"428";"1";"0"
"439";"429";"1";"0"
"440";"430";"1";"0"
"441";"431";"1";"0"
"442";"432";"1";"0"
"443";"433";"1";"0"
"444";"434";"1";"0"
"445";"435";"1";"0"
"446";"436";"1";"0"
"447";"437";"1";"0"
"448";"438";"1";"0"
"449";"439";"1";"0"
"450";"440";"1";"0"
"451";"441";"1";"0"
"452";"442";"1";"0"
"453";"443";"1";"0"
"454";"444";"1";"0"
"455";"445";"1";"0"
"456";"446";"1";"0"
"457";"447";"1";"0"
"458";"448";"1";"0"
"459";"449";"1";"0"
"460";"450";"1";"0"
"461";"451";"1";"0"
"462";"452";"1";"0"
"463";"453";"1";"0"
"464";"454";"1";"0"
"465";"455";"1";"0"
"466";"456";"1";"0"
"467";"457";"1";"0"
"468";"458";"1";"0"
"469";"459";"1";"0"
"470";"460";"1";"0"
"471";"461";"1";"0"
"472";"462";"1";"0"
"473";"463";"1";"0"
"474";"464";"1";"0"
"475";"465";"1";"0"
"476";"466";"1";"0"
"477";"467";"1";"0"
"478";"468";"1";"0"
"479";"469";"1";"0"
"480";"470";"1";"0"
"481";"471";"1";"0"
"482";"472";"1";"0"
"483";"473";"1";"0"
"484";"474";"1";"0"
"485";"475";"1";"0"
"486";"476";"1";"0"
"487";"477";"1";"0"
"488";"478";"1";"0"
"489";"479";"1";"0"
"490";"480";"1";"0"
"491";"481";"1";"0"
"492";"482";"1";"0"
"493";"483";"1";"0"
"494";"484";"1";"0"
"495";"485";"1";"0"
"496";"486";"1";"0"
"497";"487";"1";"0"
"498";"488";"1";"0"
"499";"489";"1";"0"
"500";"490";"1";"0"
"501";"491";"1";"0"
"502";"492";"1";"0"
"503";"493";"1";"0"
"504";"494";"1";"0"
"505";"495";"1";"0"
"506";"496";"1";"0"
"507";"497";"1";"0"
"508";"498";"1";"0"
"509";"499";"1";"0"
"510";"500";"1";"0"
"511";"501";"1";"0"
"512";"502";"1";"0"
"513";"503";"1";"0"
"514";"504";"1";"0"
"515";"505";"1";"0"
"516";"506";"1";"0"
"517";"507";"1";"0"
"518";"508";"1";"0"
"519";"509";"1";"0"
"520";"510";"1";"0"
"521";"511";"1";"0"
"522";"512";"1";"0"
"523";"513";"1";"0"
"524";"514";"1";"0"
"525";"515";"1";"0"
"526";"516";"1";"0"
"527";"517";"1";"0"
"528";"518";"1";"0"
"529";"519";"1";"0"
"530";"520";"1";"0"
"531";"521";"1";"0"
"532";"522";"1";"0"
"533";"523";"1";"0"
"534";"524";"1";"0"
"535";"525";"1";"0"
"536";"526";"1";"0"
"537";"527";"1";"0"
"538";"528";"1";"0"
"539";"529";"1";"0"
"540";"530";"1";"0"
"541";"531";"1";"0"
"542";"532";"1";"0"
"543";"533";"1";"0"
"544";"534";"1";"0"
"545";"535";"1";"0"
"546";"536";"1";"0"
"547";"537";"1";"0"
"548";"538";"1";"0"
"549";"539";"1";"0"
"550";"540";"1";"0"
"551";"541";"1";"0"
"552";"542";"1";"0"
"553";"543";"1";"0"
"554";"544";"1";"0"
"555";"545";"1";"0"
"556";"546";"1";"0"
"557";"547";"1";"0"
"558";"548";"1";"0"
"559";"549";"1";"0"
"560";"550";"1";"0"
"561";"551";"1";"0"
"562";"552";"1";"0"
"563";"553";"1";"0"
"564";"554";"1";"0"
"565";"555";"1";"0"
"566";"556";"1";"0"
"567";"557";"1";"0"
"568";"558";"1";"0"
"569";"559";"1";"0"
"570";"560";"1";"0"
"571";"561";"1";"0"
"572";"562";"1";"0"
"573";"563";"1";"0"
"574";"564";"1";"0"
"575";"565";"1";"0"
"576";"566";"1";"0"
"577";"567";"1";"0"
"578";"568";"1";"0"
"579";"569";"1";"0"
"580";"570";"1";"0"
"581";"571";"1";"0"
"582";"572";"1";"0"
"583";"573";"1";"0"
"584";"574";"1";"0"
"585";"575";"1";"0"
"586";"576";"1";"0"
"587";"577";"1";"0"
"588";"578";"1";"0"
"589";"579";"1";"0"
"590";"580";"1";"0"
"591";"581";"1";"0"
"592";"582";"1";"0"
"593";"583";"1";"0"
"594";"584";"1";"0"
"595";"585";"1";"0"
"596";"586";"1";"0"
"597";"587";"1";"0"
"598";"588";"1";"0"
"599";"589";"1";"0"
"600";"590";"1";"0"
"601";"591";"1";"0"
"602";"592";"1";"0"
"603";"593";"1";"0"
"604";"594";"1";"0"
"605";"595";"1";"0"
"606";"596";"1";"0"
"607";"597";"1";"0"
"608";"598";"1";"0"
"609";"599";"1";"0"
"610";"600";"1";"0"
"611";"601";"1";"0"
"612";"602";"1";"0"
"613";"603";"1";"0"
"614";"604";"1";"0"
"615";"605";"1";"0"
"616";"606";"1";"0"
"617";"607";"1";"0"
"618";"608";"1";"0"
"619";"609";"1";"0"
"620";"610";"1";"0"
"621";"611";"1";"0"
"622";"612";"1";"0"
"623";"613";"1";"0"
"624";"614";"1";"0"
"625";"615";"1";"0"
"626";"616";"1";"0"
"627";"617";"1";"0"
"628";"618";"1";"0"
"629";"619";"1";"0"
"630";"620";"1";"0"
"631";"621";"1";"0"
"632";"622";"1";"0"
"633";"623";"1";"0"
"634";"624";"1";"0"
"635";"625";"1";"0"
"636";"626";"1";"0"
"637";"627";"1";"0"
"638";"628";"1";"0"
"639";"629";"1";"0"
"640";"630";"1";"0"
"641";"631";"1";"0"
"642";"632";"1";"0"
"643";"633";"1";"0"
"644";"634";"1";"0"
"645";"635";"1";"0"
"646";"636";"1";"0"
"647";"637";"1";"0"
"648";"638";"1";"0"
"649";"639";"1";"0"
"650";"640";"1";"0"
"651";"641";"1";"0"
"652";"642";"1";"0"
"653";"643";"1";"0"
"654";"644";"1";"0"
"655";"645";"1";"0"
"656";"646";"1";"0"
"657";"647";"1";"0"
"658";"648";"1";"0"
"659";"649";"1";"0"
"660";"650";"1";"0"
"661";"651";"1";"0"
"662";"652";"1";"0"
"663";"653";"1";"0"
"664";"654";"1";"0"
"665";"655";"1";"0"
"666";"656";"1";"0"
"667";"657";"1";"0"
"668";"658";"1";"0"
"669";"659";"1";"0"
"670";"660";"1";"0"
"671";"661";"1";"0"
"672";"662";"1";"0"
"673";"663";"1";"0"
"674";"664";"1";"0"
"675";"665";"1";"0"
"676";"666";"1";"0"
"677";"667";"1";"0"
"678";"668";"1";"0"
"679";"669";"1";"0"
"680";"670";"1";"0"
"681";"671";"1";"0"
"682";"672";"1";"0"
"683";"673";"1";"0"
"684";"674";"1";"0"
"685";"675";"1";"0"
"686";"676";"1";"0"
"687";"677";"1";"0"
"688";"678";"1";"0"
"689";"679";"1";"0"
"690";"680";"1";"0"
"691";"681";"1";"0"
"692";"682";"1";"0"
"693";"683";"1";"0"
"694";"684";"1";"0"
"695";"685";"1";"0"
"696";"686";"1";"0"
"697";"687";"1";"0"
"698";"688";"1";"0"
"699";"689";"1";"0"
"700";"690";"1";"0"
"701";"691";"1";"0"
"702";"692";"1";"0"
"703";"693";"1";"0"
"704";"694";"1";"0"
"705";"695";"1";"0"
"706";"696";"1";"0"
"707";"697";"1";"0"
"708";"698";"1";"0"
"709";"699";"1";"0"
"710";"700";"1";"0"
"711";"701";"1";"0"
"712";"702";"1";"0"
"713";"703";"1";"0"
"714";"704";"1";"0"
"715";"705";"1";"0"
"716";"706";"1";"0"
"717";"707";"1";"0"
"718";"708";"1";"0"
"719";"709";"1";"0"
"720";"710";"1";"0"
"721";"711";"1";"0"
"722";"712";"1";"0"
"723";"713";"1";"0"
"724";"714";"1";"0"
"725";"715";"1";"0"
"726";"716";"1";"0"
"727";"717";"1";"0"
"728";"718";"1";"0"
"729";"719";"1";"0"
"730";"720";"1";"0"
"731";"721";"1";"0"
"732";"722";"1";"0"
"733";"723";"1";"0"
"734";"724";"1";"0"
"735";"725";"1";"0"
"736";"726";"1";"0"
"737";"727";"1";"0"
"738";"728";"1";"0"
"739";"729";"1";"0"
"740";"730";"1";"0"
"741";"731";"1";"0"
"742";"732";"1";"0"
"743";"733";"1";"0"
"744";"734";"1";"0"
"745";"735";"1";"0"
"746";"736";"1";"0"
"747";"737";"1";"0"
"748";"738";"1";"0"
"749";"739";"1";"0"
"750";"740";"1";"0"
"751";"741";"1";"0"
"752";"742";"1";"0"
"753";"743";"1";"0"
"754";"744";"1";"0"
"755";"745";"1";"0"
"756";"746";"1";"0"
"757";"747";"1";"0"
"758";"748";"1";"0"
"759";"749";"1";"0"
"760";"750";"1";"0"
"761";"751";"1";"0"
"762";"752";"1";"0"
"763";"753";"1";"0"
"764";"754";"1";"0"
"765";"755";"1";"0"
"766";"756";"1";"0"
"767";"757";"1";"0"
"768";"758";"1";"0"
"769";"759";"1";"0"
"770";"760";"1";"0"
"771";"761";"1";"0"
"772";"762";"1";"0"
"773";"763";"1";"0"
"774";"764";"1";"0"
"775";"765";"1";"0"
"776";"766";"1";"0"
"777";"767";"1";"0"
"778";"768";"1";"0"
"779";"769";"1";"0"
"780";"770";"1";"0"
"781";"771";"1";"0"
"782";"772";"1";"0"
"783";"773";"1";"0"
"784";"774";"1";"0"
"785";"775";"1";"0"
"786";"776";"1";"0"
"787";"777";"1";"0"
"788";"778";"1";"0"
"789";"779";"1";"0"
"790";"780";"1";"0"
"791";"781";"1";"0"
"792";"782";"1";"0"
"793";"783";"1";"0"
"794";"784";"1";"0"
"795";"785";"1";"0"
"796";"786";"1";"0"
"797";"787";"1";"0"
"798";"788";"1";"0"
"799";"789";"1";"0"
"800";"790";"1";"0"
"801";"791";"1";"0"
"802";"792";"1";"0"
"803";"793";"1";"0"
"804";"794";"1";"0"
"805";"795";"1";"0"
"806";"796";"1";"0"
"807";"797";"1";"0"
"808";"798";"1";"0"
"809";"799";"1";"0"
"810";"800";"1";"0"
"811";"801";"1";"0"
"812";"802";"1";"0"
"813";"803";"1";"0"
"814";"804";"1";"0"
"815";"805";"1";"0"
"816";"806";"1";"0"
"817";"807";"1";"0"
"818";"808";"1";"0"
"819";"809";"1";"0"
"820";"810";"1";"0"
"821";"811";"1";"0"
"822";"812";"1";"0"
"823";"813";"1";"0"
"824";"814";"1";"0"
"825";"815";"1";"0"
"826";"816";"1";"0"
"827";"817";"1";"0"
"828";"818";"1";"0"
"829";"819";"1";"0"
"830";"820";"1";"0"
"831";"821";"1";"0"
"832";"822";"1";"0"
"833";"823";"1";"0"
"834";"824";"1";"0"
"835";"825";"1";"0"
"836";"826";"1";"0"
"837";"827";"1";"0"
"838";"828";"1";"0"
"839";"829";"1";"0"
"840";"830";"1";"0"
"841";"831";"1";"0"
"842";"832";"1";"0"
"843";"833";"1";"0"
"844";"834";"1";"0"
"845";"835";"1";"0"
"846";"836";"1";"0"
"847";"837";"1";"0"
"848";"838";"1";"0"
"849";"839";"1";"0"
"850";"840";"1";"0"
"851";"841";"1";"0"
"852";"842";"1";"0"
"853";"843";"1";"0"
"854";"844";"1";"0"
"855";"845";"1";"0"
"856";"846";"1";"0"
"857";"847";"1";"0"
"858";"848";"1";"0"
"859";"849";"1";"0"
"860";"850";"1";"0"
"861";"851";"1";"0"
"862";"852";"1";"0"
"863";"853";"1";"0"
"864";"854";"1";"0"
"865";"855";"1";"0"
"866";"856";"1";"0"
"867";"857";"1";"0"
"868";"858";"1";"0"
"869";"859";"1";"0"
"870";"860";"1";"0"
"871";"861";"1";"0"
"872";"862";"1";"0"
"873";"863";"1";"0"
"874";"864";"1";"0"
"875";"865";"1";"0"
"876";"866";"1";"0"
"877";"867";"1";"0"
"878";"868";"1";"0"
"879";"869";"1";"0"
"880";"870";"1";"0"
"881";"871";"1";"0"
"882";"872";"1";"0"
"883";"873";"1";"0"
"884";"874";"1";"0"
"885";"875";"1";"0"
"886";"876";"1";"0"
"887";"877";"1";"0"
"888";"878";"1";"0"
"889";"879";"1";"0"
"890";"880";"1";"0"
"891";"881";"1";"0"
"892";"882";"1";"0"
"893";"883";"1";"0"
"894";"884";"1";"0"
"895";"885";"1";"0"
"896";"886";"1";"0"
"897";"887";"1";"0"
"898";"888";"1";"0"
"899";"889";"1";"0"
"900";"890";"1";"0"
"901";"891";"1";"0"
"902";"892";"1";"0"
"903";"893";"1";"0"
"904";"894";"1";"0"
"905";"895";"1";"0"
"906";"896";"1";"0"
"907";"897";"1";"0"
"908";"898";"1";"0"
"909";"899";"1";"0"
"910";"900";"1";"0"
"911";"901";"1";"0"
"912";"902";"1";"0"
"913";"903";"1";"0"
"914";"904";"1";"0"
"915";"905";"1";"0"
"916";"906";"1";"0"
"917";"907";"1";"0"
"918";"908";"1";"0"
"919";"909";"1";"0"
"920";"910";"1";"0"
"921";"911";"1";"0"
"922";"912";"1";"0"
"923";"913";"1";"0"
"924";"914";"1";"0"
"925";"915";"1";"0"
"926";"916";"1";"0"
"927";"917";"1";"0"
"928";"918";"1";"0"
"929";"919";"1";"0"
"930";"920";"1";"0"
"931";"921";"1";"0"
"932";"922";"1";"0"
"933";"923";"1";"0"
"934";"924";"1";"0"
"935";"925";"1";"0"
"936";"926";"1";"0"
"937";"927";"1";"0"
"938";"928";"1";"0"
"939";"929";"1";"0"
"940";"930";"1";"0"
"941";"931";"1";"0"
"942";"932";"1";"0"
"943";"933";"1";"0"
"944";"934";"1";"0"
"945";"935";"1";"0"
"946";"936";"1";"0"
"947";"937";"1";"0"
"948";"938";"1";"0"
"949";"939";"1";"0"
"950";"940";"1";"0"
"951";"941";"1";"0"
"952";"942";"1";"0"
"953";"943";"1";"0"
"954";"944";"1";"0"
"955";"945";"1";"0"
"956";"946";"1";"0"
"957";"947";"1";"0"
"958";"948";"1";"0"
"959";"949";"1";"0"
"960";"950";"1";"0"
"961";"951";"1";"0"
"962";"952";"1";"0"
"963";"953";"1";"0"
"964";"954";"1";"0"
"965";"955";"1";"0"
"966";"956";"1";"0"
"967";"957";"1";"0"
"968";"958";"1";"0"
"969";"959";"1";"0"
"970";"960";"1";"0"
"971";"961";"1";"0"
"972";"962";"1";"0"
"973";"963";"1";"0"
"974";"964";"1";"0"
"975";"965";"1";"0"
"976";"966";"1";"0"
"977";"967";"1";"0"
"978";"968";"1";"0"
"979";"969";"1";"0"
"980";"970";"1";"0"
"981";"971";"1";"0"
"982";"972";"1";"0"
"983";"973";"1";"0"
"984";"974";"1";"0"
"985";"975";"1";"0"
"986";"976";"1";"0"
"987";"977";"1";"0"
"988";"978";"1";"0"
"989";"979";"1";"0"
"990";"980";"1";"0"
"991";"981";"1";"0"
"992";"982";"1";"0"
"993";"983";"1";"0"
"994";"984";"1";"0"
"995";"985";"1";"0"
"996";"986";"1";"0"
"997";"987";"1";"0"
"998";"988";"1";"0"
"999";"989";"1";"0"
"1000";"990";"1";"0"
"1001";"991";"1";"0"
"1002";"992";"1";"0"
"1003";"993";"1";"0"
"1004";"994";"1";"0"
"1005";"995";"1";"0"
"1006";"996";"1";"0"
"1007";"997";"1";"0"
"1008";"998";"1";"0"
"1009";"999";"1";"0"
"1010";"1000";"1";"0"
"1011";"1001";"1";"0"
"1012";"1002";"1";"0"
"1013";"1003";"1";"0"
"1014";"1004";"1";"0"
"1015";"1005";"1";"0"
"1016";"1006";"1";"0"
"1017";"1007";"1";"0"
"1018";"1008";"1";"0"
"1019";"1009";"1";"0"
"1020";"1010";"1";"0"
"1021";"1011";"1";"0"
"1022";"1012";"1";"0"
"1023";"1013";"1";"0"
"1024";"1014";"1";"0"
"1025";"1015";"1";"0"
"1026";"1016";"1";"0"
"1027";"1017";"1";"0"
"1028";"1018";"1";"0"
"1029";"1019";"1";"0"
"1030";"1020";"1";"0"
"1031";"1021";"1";"0"
"1032";"1022";"1";"0"
"1033";"1023";"1";"0"
"1034";"1024";"1";"0"
"1035";"1025";"1";"0"
"1036";"1026";"1";"0"
"1037";"1027";"1";"0"
"1038";"1028";"1";"0"
"1039";"1029";"1";"0"
"1040";"1030";"1";"0"
"1041";"1031";"1";"0"
"1042";"1032";"1";"0"
"1043";"1033";"1";"0"
"1044";"1034";"1";"0"
"1045";"1035";"1";"0"
"1046";"1036";"1";"0"
"1047";"1037";"1";"0"
"1048";"1038";"1";"0"
"1049";"1039";"1";"0"
"1050";"1040";"1";"0"
"1051";"1041";"1";"0"
"1052";"1042";"1";"0"
"1053";"1043";"1";"0"
"1054";"1044";"1";"0"
"1055";"1045";"1";"0"
"1056";"1046";"1";"0"
"1057";"1047";"1";"0"
"1058";"1048";"1";"0"
"1059";"1049";"1";"0"
"1060";"1050";"1";"0"
"1061";"1051";"1";"0"
"1062";"1052";"1";"0"
"1063";"1053";"1";"0"
"1064";"1054";"1";"0"
"1065";"1055";"1";"0"
"1066";"1056";"1";"0"
"1067";"1057";"1";"0"
"1068";"1058";"1";"0"
"1069";"1059";"1";"0"
"1070";"1060";"1";"0"
"1071";"1061";"1";"0"
"1072";"1062";"1";"0"
"1073";"1063";"1";"0"
"1074";"1064";"1";"0"
"1075";"1065";"1";"0"
"1076";"1066";"1";"0"
"1077";"1067";"1";"0"
"1078";"1068";"1";"0"
"1079";"1069";"1";"0"
"1080";"1070";"1";"0"
"1081";"1071";"1";"0"
"1082";"1072";"1";"0"
"1083";"1073";"1";"0"
"1084";"1074";"1";"0"
"1085";"1075";"1";"0"
"1086";"1076";"1";"0"
"1087";"1077";"1";"0"
"1088";"1078";"1";"0"
"1089";"1079";"1";"0"
"1090";"1080";"1";"0"
"1091";"1081";"1";"0"
"1092";"1082";"1";"0"
"1093";"1083";"1";"0"
"1094";"1084";"1";"0"
"1095";"1085";"1";"0"
"1096";"1086";"1";"0"
"1097";"1087";"1";"0"
"1098";"1088";"1";"0"
"1099";"1089";"1";"0"
"1100";"1090";"1";"0"
"1101";"1091";"1";"0"
"1102";"1092";"1";"0"
"1103";"1093";"1";"0"
"1104";"1094";"1";"0"
"1105";"1095";"1";"0"
"1106";"1096";"1";"0"
"1107";"1097";"1";"0"
"1108";"1098";"1";"0"
"1109";"1099";"1";"0"
"1110";"1100";"1";"0"
"1111";"1101";"1";"0"
"1112";"1102";"1";"0"
"1113";"1103";"1";"0"
"1114";"1104";"1";"0"
"1115";"1105";"1";"0"
"1116";"1106";"1";"0"
"1117";"1107";"1";"0"
"1118";"1108";"1";"0"
"1119";"1109";"1";"0"
"1120";"1110";"1";"0"
"1121";"1111";"1";"0"
"1122";"1112";"1";"0"
"1123";"1113";"1";"0"
"1124";"1114";"1";"0"
"1125";"1115";"1";"0"
"1126";"1116";"1";"0"
"1127";"1117";"1";"0"
"1128";"1118";"1";"0"
"1129";"1119";"1";"0"
"1130";"1120";"1";"0"
"1131";"1121";"1";"0"
"1132";"1122";"1";"0"
"1133";"1123";"1";"0"
"1134";"1124";"1";"0"
"1135";"1125";"1";"0"
"1136";"1126";"1";"0"
"1137";"1127";"1";"0"
"1138";"1128";"1";"0"
"1139";"1129";"1";"0"
"1140";"1130";"1";"0"
"1141";"1131";"1";"0"
"1142";"1132";"1";"0"
"1143";"1133";"1";"0"
"1144";"1134";"1";"0"
"1145";"1135";"1";"0"
"1146";"1136";"1";"0"
"1147";"1137";"1";"0"
"1148";"1138";"1";"0"
"1149";"1139";"1";"0"
"1150";"1140";"1";"0"
"1151";"1141";"1";"0"
"1152";"1142";"1";"0"
"1153";"1143";"1";"0"
"1154";"1144";"1";"0"
"1155";"1145";"1";"0"
"1156";"1146";"1";"0"
"1157";"1147";"1";"0"
"1158";"1148";"1";"0"
"1159";"1149";"1";"0"
"1160";"1150";"1";"0"
"1161";"1151";"1";"0"
"1162";"1152";"1";"0"
"1163";"1153";"1";"0"
"1164";"1154";"1";"0"
"1165";"1155";"1";"0"
"1166";"1156";"1";"0"
"1167";"1157";"1";"0"
"1168";"1158";"1";"0"
"1169";"1159";"1";"0"
"1170";"1160";"1";"0"
"1171";"1161";"1";"0"
"1172";"1162";"1";"0"
"1173";"1163";"1";"0"
"1174";"1164";"1";"0"
"1175";"1165";"1";"0"
"1176";"1166";"1";"0"
"1177";"1167";"1";"0"
"1178";"1168";"1";"0"
"1179";"1169";"1";"0"
"1180";"1170";"1";"0"
"1181";"1171";"1";"0"
"1182";"1172";"1";"0"
"1183";"1173";"1";"0"
"1184";"1174";"1";"0"
"1185";"1175";"1";"0"
"1186";"1176";"1";"0"
"1187";"1177";"1";"0"
"1188";"1178";"1";"0"
"1189";"1179";"1";"0"
"1190";"1180";"1";"0"
"1191";"1181";"1";"0"
"1192";"1182";"1";"0"
"1193";"1183";"1";"0"
"1194";"1184";"1";"0"
"1195";"1185";"1";"0"
"1196";"1186";"1";"0"
"1197";"1187";"1";"0"
"1198";"1188";"1";"0"
"1199";"1189";"1";"0"
"1200";"1190";"1";"0"
"1201";"1191";"1";"0"
"1202";"1192";"1";"0"
"1203";"1193";"1";"0"
"1204";"1194";"1";"0"
"1205";"1195";"1";"0"
"1206";"1196";"1";"0"
"1207";"1197";"1";"0"
"1208";"1198";"1";"0"
"1209";"1199";"1";"0"
"1210";"1200";"1";"0"
"1211";"1201";"1";"0"
"1212";"1202";"1";"0"
"1213";"1203";"1";"0"
"1214";"1204";"1";"0"
"1215";"1205";"1";"0"
"1216";"1206";"1";"0"
"1217";"1207";"1";"0"
"1218";"1208";"1";"0"
"1219";"1209";"1";"0"
"1220";"1210";"1";"0"
"1221";"1211";"1";"0"
"1222";"1212";"1";"0"
"1223";"1213";"1";"0"
"1224";"1214";"1";"0"
"1225";"1215";"1";"0"
"1226";"1216";"1";"0"
"1227";"1217";"1";"0"
"1228";"1218";"1";"0"
"1229";"1219";"1";"0"
"1230";"1220";"1";"0"
"1231";"1221";"1";"0"
"1232";"1222";"1";"0"
"1233";"1223";"1";"0"
"1234";"1224";"1";"0"
"1235";"1225";"1";"0"
"1236";"1226";"1";"0"
"1237";"1227";"1";"0"
"1238";"1228";"1";"0"
"1239";"1229";"1";"0"
"1240";"1230";"1";"0"
"1241";"1231";"1";"0"
"1242";"1232";"1";"0"
"1243";"1233";"1";"0"
"1244";"1234";"1";"0"
"1245";"1235";"1";"0"
"1246";"1236";"1";"0"
"1247";"1237";"1";"0"
"1248";"1238";"1";"0"
"1249";"1239";"1";"0"
"1250";"1240";"1";"0"
"1251";"1241";"1";"0"
"1252";"1242";"1";"0"
"1253";"1243";"1";"0"
"1254";"1244";"1";"0"
"1255";"1245";"1";"0"
"1256";"1246";"1";"0"
"1257";"1247";"1";"0"
"1258";"1248";"1";"0"
"1259";"1249";"1";"0"
"1260";"1250";"1";"0"
"1261";"1251";"1";"0"
"1262";"1252";"1";"0"
"1263";"1253";"1";"0"
"1264";"1254";"1";"0"
"1265";"1255";"1";"0"
"1266";"1256";"1";"0"
"1267";"1257";"1";"0"
"1268";"1258";"1";"0"
"1269";"1259";"1";"0"
"1270";"1260";"1";"0"
"1271";"1261";"1";"0"
"1272";"1262";"1";"0"
"1273";"1263";"1";"0"
"1274";"1264";"1";"0"
"1275";"1265";"1";"0"
"1276";"1266";"1";"0"
"1277";"1267";"1";"0"
"1278";"1268";"1";"0"
"1279";"1269";"1";"0"
"1280";"1270";"1";"0"
"1281";"1271";"1";"0"
"1282";"1272";"1";"0"
"1283";"1273";"1";"0"
"1284";"1274";"1";"0"
"1285";"1275";"1";"0"
"1286";"1276";"1";"0"
"1287";"1277";"1";"0"
"1288";"1278";"1";"0"
"1289";"1279";"1";"0"
"1290";"1280";"1";"0"
"1291";"1281";"1";"0"
"1292";"1282";"1";"0"
"1293";"1283";"1";"0"
"1294";"1284";"1";"0"
"1295";"1285";"1";"0"
"1296";"1286";"1";"0"
"1297";"1287";"1";"0"
"1298";"1288";"1";"0"
"1299";"1289";"1";"0"
"1300";"1290";"1";"0"
"1301";"1291";"1";"0"
"1302";"1292";"1";"0"
"1303";"1293";"1";"0"
"1304";"1294";"1";"0"
"1305";"1295";"1";"0"
"1306";"1296";"1";"0"
"1307";"1297";"1";"0"
"1308";"1298";"1";"0"
"1309";"1299";"1";"0"
"1310";"1300";"1";"0"
"1311";"1301";"1";"0"
"1312";"1302";"1";"0"
"1313";"1303";"1";"0"
"1314";"1304";"1";"0"
"1315";"1305";"1";"0"
"1316";"1306";"1";"0"
"1317";"1307";"1";"0"
"1318";"1308";"1";"0"
"1319";"1309";"1";"0"
"1320";"1310";"1";"0"
"1321";"1311";"1";"0"
"1322";"1312";"1";"0"
"1323";"1313";"1";"0"
"1324";"1314";"1";"0"
"1325";"1315";"1";"0"
"1326";"1316";"1";"0"
"1327";"1317";"1";"0"
"1328";"1318";"1";"0"
"1329";"1319";"1";"0"
"1330";"1320";"1";"0"
"1331";"1321";"1";"0"
"1332";"1322";"1";"0"
"1333";"1323";"1";"0"
"1334";"1324";"1";"0"
"1335";"1325";"1";"0"
"1336";"1326";"1";"0"
"1337";"1327";"1";"0"
"1338";"1328";"1";"0"
"1339";"1329";"1";"0"
"1340";"1330";"1";"0"
"1341";"1331";"1";"0"
"1342";"1332";"1";"0"
"1343";"1333";"1";"0"
"1344";"1334";"1";"0"
"1345";"1335";"1";"0"
"1346";"1336";"1";"0"
"1347";"1337";"1";"0"
"1348";"1338";"1";"0"
"1349";"1339";"1";"0"
"1350";"1340";"1";"0"
"1351";"1341";"1";"0"
"1352";"1342";"1";"0"
"1353";"1343";"1";"0"
"1354";"1344";"1";"0"
"1355";"1345";"1";"0"
"1356";"1346";"1";"0"
"1357";"1347";"1";"0"
"1358";"1348";"1";"0"
"1359";"1349";"1";"0"
"1360";"1350";"1";"0"
"1361";"1351";"1";"0"
"1362";"1352";"1";"0"
"1363";"1353";"1";"0"
"1364";"1354";"1";"0"
"1365";"1355";"1";"0"
"1366";"1356";"1";"0"
"1367";"1357";"1";"0"
"1368";"1358";"1";"0"
"1369";"1359";"1";"0"
"1370";"1360";"1";"0"
"1371";"1361";"1";"0"
"1372";"1362";"1";"0"
"1373";"1363";"1";"0"
"1374";"1364";"1";"0"
"1375";"1365";"1";"0"
"1376";"1366";"1";"0"
"1377";"1367";"1";"0"
"1378";"1368";"1";"0"
"1379";"1369";"1";"0"
"1380";"1370";"1";"0"
"1381";"1371";"1";"0"
"1382";"1372";"1";"0"
"1383";"1373";"1";"0"
"1384";"1374";"1";"0"
"1385";"1375";"1";"0"
"1386";"1376";"1";"0"
"1387";"1377";"1";"0"
"1388";"1378";"1";"0"
"1389";"1379";"1";"0"
"1390";"1380";"1";"0"
"1391";"1381";"1";"0"
"1392";"1382";"1";"0"
"1393";"1383";"1";"0"
"1394";"1384";"1";"0"
"1395";"1385";"1";"0"
"1396";"1386";"1";"0"
"1397";"1387";"1";"0"
"1398";"1388";"1";"0"
"1399";"1389";"1";"0"
"1400";"1390";"1";"0"
"1401";"1391";"1";"0"
"1402";"1392";"1";"0"
"1403";"1393";"1";"0"
"1404";"1394";"1";"0"
"1405";"1395";"1";"0"
"1406";"1396";"1";"0"
"1407";"1397";"1";"0"
"1408";"1398";"1";"0"
"1409";"1399";"1";"0"
"1410";"1400";"1";"0"
"1411";"1401";"1";"0"
"1412";"1402";"1";"0"
"1413";"1403";"1";"0"
"1414";"1404";"1";"0"
"1415";"1405";"1";"0"
"1416";"1406";"1";"0"
"1417";"1407";"1";"0"
"1418";"1408";"1";"0"
"1419";"1409";"1";"0"
"1420";"1410";"1";"0"
"1421";"1411";"1";"0"
"1422";"1412";"1";"0"
"1423";"1413";"1";"0"
"1424";"1414";"1";"0"
"1425";"1415";"1";"0"
"1426";"1416";"1";"0"
"1427";"1417";"1";"0"
"1428";"1418";"1";"0"
"1429";"1419";"1";"0"
"1430";"1420";"1";"0"
"1431";"1421";"1";"0"
"1432";"1422";"1";"0"
"1433";"1423";"1";"0"
"1434";"1424";"1";"0"
"1435";"1425";"1";"0"
"1436";"1426";"1";"0"
"1437";"1427";"1";"0"
"1438";"1428";"1";"0"
"1439";"1429";"1";"0"
"1440";"1430";"1";"0"
"1441";"1431";"1";"0"
"1442";"1432";"1";"0"
"1443";"1433";"1";"0"
"1444";"1434";"1";"0"
"1445";"1435";"1";"0"
"1446";"1436";"1";"0"
"1447";"1437";"1";"0"
"1448";"1438";"1";"0"
"1449";"1439";"1";"0"
"1450";"1440";"1";"0"
"1451";"1441";"1";"0"
"1452";"1442";"1";"0"
"1453";"1443";"1";"0"
"1454";"1444";"1";"0"
"1455";"1445";"1";"0"
"1456";"1446";"1";"0"
"1457";"1447";"1";"0"
"1458";"1448";"1";"0"
"1459";"1449";"1";"0"
"1460";"1450";"1";"0"
"1461";"1451";"1";"0"
"1462";"1452";"1";"0"
"1463";"1453";"1";"0"
"1464";"1454";"1";"0"
"1465";"1455";"1";"0"
"1466";"1456";"1";"0"
"1467";"1457";"1";"0"
"1468";"1458";"1";"0"
"1469";"1459";"1";"0"
"1470";"1460";"1";"0"
"1471";"1461";"1";"0"
"1472";"1462";"1";"0"
"1473";"1463";"1";"0"
"1474";"1464";"1";"0"
"1475";"1465";"1";"0"
"1476";"1466";"1";"0"
"1477";"1467";"1";"0"
"1478";"1468";"1";"0"
"1479";"1469";"1";"0"
"1480";"1470";"1";"0"
"1481";"1471";"1";"0"
"1482";"1472";"1";"0"
"1483";"1473";"1";"0"
"1484";"1474";"1";"0"
"1485";"1475";"1";"0"
"1486";"1476";"1";"0"
"1487";"1477";"1";"0"
"1488";"1478";"1";"0"
"1489";"1479";"1";"0"
"1490";"1480";"1";"0"
"1491";"1481";"1";"0"
"1492";"1482";"1";"0"
"1493";"1483";"1";"0"
"1494";"1484";"1";"0"
"1495";"1485";"1";"0"
"1496";"1486";"1";"0"
"1497";"1487";"1";"0"
"1498";"1488";"1";"0"
"1499";"1489";"1";"0"
"1500";"1490";"1";"0"
"1501";"1491";"1";"0"
"1502";"1492";"1";"0"
"1503";"1493";"1";"0"
"1504";"1494";"1";"0"
"1505";"1495";"1";"0"
"1506";"1496";"1";"0"
"1507";"1497";"1";"0"
"1508";"1498";"1";"0"
"1509";"1499";"1";"0"
"1510";"1500";"1";"0"
"1511";"1501";"1";"0"
"1512";"1502";"1";"0"
"1513";"1503";"1";"0"
"1514";"1504";"1";"0"
"1515";"1505";"1";"0"
"1516";"1506";"1";"0"
"1517";"1507";"1";"0"
"1518";"1508";"1";"0"
"1519";"1509";"1";"0"
"1520";"1510";"1";"0"
"1521";"1511";"1";"0"
"1522";"1512";"1";"0"
"1523";"1513";"1";"0"
"1524";"1514";"1";"0"
"1525";"1515";"1";"0"
"1526";"1516";"1";"0"
"1527";"1517";"1";"0"
"1528";"1518";"1";"0"
"1529";"1519";"1";"0"
"1530";"1520";"1";"0"
"1531";"1521";"1";"0"
"1532";"1522";"1";"0"
"1533";"1523";"1";"0"
"1534";"1524";"1";"0"
"1535";"1525";"1";"0"
"1536";"1526";"1";"0"
"1537";"1527";"1";"0"
"1538";"1528";"1";"0"
"1539";"1529";"1";"0"
"1540";"1530";"1";"0"
"1541";"1531";"1";"0"
"1542";"1532";"1";"0"
"1543";"1533";"1";"0"
"1544";"1534";"1";"0"
"1545";"1535";"1";"0"
"1546";"1536";"1";"0"
"1547";"1537";"1";"0"
"1548";"1538";"1";"0"
"1549";"1539";"1";"0"
"1550";"1540";"1";"0"
"1551";"1541";"1";"0"
"1552";"1542";"1";"0"
"1553";"1543";"1";"0"
"1554";"1544";"1";"0"
"1555";"1545";"1";"0"
"1556";"1546";"1";"0"
"1557";"1547";"1";"0"
"1558";"1548";"1";"0"
"1559";"1549";"1";"0"
"1560";"1550";"1";"0"
"1561";"1551";"1";"0"
"1562";"1552";"1";"0"
"1563";"1553";"1";"0"
"1564";"1554";"1";"0"
"1565";"1555";"1";"0"
"1566";"1556";"1";"0"
"1567";"1557";"1";"0"
"1568";"1558";"1";"0"
"1569";"1559";"1";"0"
"1570";"1560";"1";"0"
"1571";"1561";"1";"0"
"1572";"1562";"1";"0"
"1573";"1563";"1";"0"
"1574";"1564";"1";"0"
"1575";"1565";"1";"0"
"1576";"1566";"1";"0"
"1577";"1567";"1";"0"
"1578";"1568";"1";"0"
"1579";"1569";"1";"0"
"1580";"1570";"1";"0"
"1581";"1571";"1";"0"
"1582";"1572";"1";"0"
"1583";"1573";"1";"0"
"1584";"1574";"1";"0"
"1585";"1575";"1";"0"
"1586";"1576";"1";"0"
"1587";"1577";"1";"0"
"1588";"1578";"1";"0"
"1589";"1579";"1";"0"
"1590";"1580";"1";"0"
"1591";"1581";"1";"0"
"1592";"1582";"1";"0"
"1593";"1583";"1";"0"
"1594";"1584";"1";"0"
"1595";"1585";"1";"0"
"1596";"1586";"1";"0"
"1597";"1587";"1";"0"
"1598";"1588";"1";"0"
"1599";"1589";"1";"0"
"1600";"1590";"1";"0"
"1601";"1591";"1";"0"
"1602";"1592";"1";"0"
"1603";"1593";"1";"0"
"1604";"1594";"1";"0"
"1605";"1595";"1";"0"
"1606";"1596";"1";"0"
"1607";"1597";"1";"0"
"1608";"1598";"1";"0"
"1609";"1599";"1";"0"
"1610";"1600";"1";"0"
"1611";"1601";"1";"0"
"1612";"1602";"1";"0"
"1613";"1603";"1";"0"
"1614";"1604";"1";"0"
"1615";"1605";"1";"0"
"1616";"1606";"1";"0"
"1617";"1607";"1";"0"
"1618";"1608";"1";"0"
"1619";"1609";"1";"0"
"1620";"1610";"1";"0"
"1621";"1611";"1";"0"
"1622";"1612";"1";"0"
"1623";"1613";"1";"0"
"1624";"1614";"1";"0"
"1625";"1615";"1";"0"
"1626";"1616";"1";"0"
"1627";"1617";"1";"0"
"1628";"1618";"1";"0"
"1629";"1619";"1";"0"
"1630";"1620";"1";"0"
"1631";"1621";"1";"0"
"1632";"1622";"1";"0"
"1633";"1623";"1";"0"
"1634";"1624";"1";"0"
"1635";"1625";"1";"0"
"1636";"1626";"1";"0"
"1637";"1627";"1";"0"
"1638";"1628";"1";"0"
"1639";"1629";"1";"0"
"1640";"1630";"1";"0"
"1641";"1631";"1";"0"
"1642";"1632";"1";"0"
"1643";"1633";"1";"0"
"1644";"1634";"1";"0"
"1645";"1635";"1";"0"
"1646";"1636";"1";"0"
"1647";"1637";"1";"0"
"1648";"1638";"1";"0"
"1649";"1639";"1";"0"
"1650";"1640";"1";"0"
"1651";"1641";"1";"0"
"1652";"1642";"1";"0"
"1653";"1643";"1";"0"
"1654";"1644";"1";"0"
"1655";"1645";"1";"0"
"1656";"1646";"1";"0"
"1657";"1647";"1";"0"
"1658";"1648";"1";"0"
"1659";"1649";"1";"0"
"1660";"1650";"1";"0"
"1661";"1651";"1";"0"
"1662";"1652";"1";"0"
"1663";"1653";"1";"0"
"1664";"1654";"1";"0"
"1665";"1655";"1";"0"
"1666";"1656";"1";"0"
"1667";"1657";"1";"0"
"1668";"1658";"1";"0"
"1669";"1659";"1";"0"
"1670";"1660";"1";"0"
"1671";"1661";"1";"0"
"1672";"1662";"1";"0"
"1673";"1663";"1";"0"
"1674";"1664";"1";"0"
"1675";"1665";"1";"0"
"1676";"1666";"1";"0"
"1677";"1667";"1";"0"
"1678";"1668";"1";"0"
"1679";"1669";"1";"0"
"1680";"1670";"1";"0"
"1681";"1671";"1";"0"
"1682";"1672";"1";"0"
"1683";"1673";"1";"0"
"1684";"1674";"1";"0"
"1685";"1675";"1";"0"
"1686";"1676";"1";"0"
"1687";"1677";"1";"0"
"1688";"1678";"1";"0"
"1689";"1679";"1";"0"
"1690";"1680";"1";"0"
"1691";"1681";"1";"0"
"1692";"1682";"1";"0"
"1693";"1683";"1";"0"
"1694";"1684";"1";"0"
"1695";"1685";"1";"0"
"1696";"1686";"1";"0"
"1697";"1687";"1";"0"
"1698";"1688";"1";"0"
"1699";"1689";"1";"0"
"1700";"1690";"1";"0"
"1701";"1691";"1";"0"
"1702";"1692";"1";"0"
"1703";"1693";"1";"0"
"1704";"1694";"1";"0"
"1705";"1695";"1";"0"
"1706";"1696";"1";"0"
"1707";"1697";"1";"0"
"1708";"1698";"1";"0"
"1709";"1699";"1";"0"
"1710";"1700";"1";"0"
"1711";"1701";"1";"0"
"1712";"1702";"1";"0"
"1713";"1703";"1";"0"
"1714";"1704";"1";"0"
"1715";"1705";"1";"0"
"1716";"1706";"1";"0"
"1717";"1707";"1";"0"
"1718";"1708";"1";"0"
"1719";"1709";"1";"0"
"1720";"1710";"1";"0"
"1721";"1711";"1";"0"
"1722";"1712";"1";"0"
"1723";"1713";"1";"0"
"1724";"1714";"1";"0"
"1725";"1715";"1";"0"
"1726";"1716";"1";"0"
"1727";"1717";"1";"0"
"1728";"1718";"1";"0"
"1729";"1719";"1";"0"
"1730";"1720";"1";"0"
"1731";"1721";"1";"0"
"1732";"1722";"1";"0"
"1733";"1723";"1";"0"
"1734";"1724";"1";"0"
"1735";"1725";"1";"0"
"1736";"1726";"1";"0"
"1737";"1727";"1";"0"
"1738";"1728";"1";"0"
"1739";"1729";"1";"0"
"1740";"1730";"1";"0"
"1741";"1731";"1";"0"
"1742";"1732";"1";"0"
"1743";"1733";"1";"0"
"1744";"1734";"1";"0"
"1745";"1735";"1";"0"
"1746";"1736";"1";"0"
"1747";"1737";"1";"0"
"1748";"1738";"1";"0"
"1749";"1739";"1";"0"
"1750";"1740";"1";"0"
"1751";"1741";"1";"0"
"1752";"1742";"1";"0"
"1753";"1743";"1";"0"
"1754";"1744";"1";"0"
"1755";"1745";"1";"0"
"1756";"1746";"1";"0"
"1757";"1747";"1";"0"
"1758";"1748";"1";"0"
"1759";"1749";"1";"0"
"1760";"1750";"1";"0"
"1761";"1751";"1";"0"
"1762";"1752";"1";"0"
"1763";"1753";"1";"0"
"1764";"1754";"1";"0"
"1765";"1755";"1";"0"
"1766";"1756";"1";"0"
"1767";"1757";"1";"0"
"1768";"1758";"1";"0"
"1769";"1759";"1";"0"
"1770";"1760";"1";"0"
"1771";"1761";"1";"0"
"1772";"1762";"1";"0"
"1773";"1763";"1";"0"
"1774";"1764";"1";"0"
"1775";"1765";"1";"0"
"1776";"1766";"1";"0"
"1777";"1767";"1";"0"
"1778";"1768";"1";"0"
"1779";"1769";"1";"0"
"1780";"1770";"1";"0"
"1781";"1771";"1";"0"
"1782";"1772";"1";"0"
"1783";"1773";"1";"0"
"1784";"1774";"1";"0"
"1785";"1775";"1";"0"
"1786";"1776";"1";"0"
"1787";"1777";"1";"0"
"1788";"1778";"1";"0"
"1789";"1779";"1";"0"
"1790";"1780";"1";"0"
"1791";"1781";"1";"0"
"1792";"1782";"1";"0"
"1793";"1783";"1";"0"
"1794";"1784";"1";"0"
"1795";"1785";"1";"0"
"1796";"1786";"1";"0"
"1797";"1787";"1";"0"
"1798";"1788";"1";"0"
"1799";"1789";"1";"0"
"1800";"1790";"1";"0"
"1801";"1791";"1";"0"
"1802";"1792";"1";"0"
"1803";"1793";"1";"0"
"1804";"1794";"1";"0"
"1805";"1795";"1";"0"
"1806";"1796";"1";"0"
"1807";"1797";"1";"0"
"1808";"1798";"1";"0"
"1809";"1799";"1";"0"
"1810";"1800";"1";"0"
"1811";"1801";"1";"0"
"1812";"1802";"1";"0"
"1813";"1803";"1";"0"
"1814";"1804";"1";"0"
"1815";"1805";"1";"0"
"1816";"1806";"1";"0"
"1817";"1807";"1";"0"
"1818";"1808";"1";"0"
"1819";"1809";"1";"0"
"1820";"1810";"1";"0"
"1821";"1811";"1";"0"
"1822";"1812";"1";"0"
"1823";"1813";"1";"0"
"1824";"1814";"1";"0"
"1825";"1815";"1";"0"
"1826";"1816";"1";"0"
"1827";"1817";"1";"0"
"1828";"1818";"1";"0"
"1829";"1819";"1";"0"
"1830";"1820";"1";"0"
"1831";"1821";"1";"0"
"1832";"1822";"1";"0"
"1833";"1823";"1";"0"
"1834";"1824";"1";"0"
"1835";"1825";"1";"0"
"1836";"1826";"1";"0"
"1837";"1827";"1";"0"
"1838";"1828";"1";"0"
"1839";"1829";"1";"0"
"1840";"1830";"1";"0"
"1841";"1831";"1";"0"
"1842";"1832";"1";"0"
"1843";"1833";"1";"0"
"1844";"1834";"1";"0"
"1845";"1835";"1";"0"
"1846";"1836";"1";"0"
"1847";"1837";"1";"0"
"1848";"1838";"1";"0"
"1849";"1839";"1";"0"
"1850";"1840";"1";"0"
"1851";"1841";"1";"0"
"1852";"1842";"1";"0"
"1853";"1843";"1";"0"
"1854";"1844";"1";"0"
"1855";"1845";"1";"0"
"1856";"1846";"1";"0"
"1857";"1847";"1";"0"
"1858";"1848";"1";"0"
"1859";"1849";"1";"0"
"1860";"1850";"1";"0"
"1861";"1851";"1";"0"
"1862";"1852";"1";"0"
"1863";"1853";"1";"0"
"1864";"1854";"1";"0"
"1865";"1855";"1";"0"
"1866";"1856";"1";"0"
"1867";"1857";"1";"0"
"1868";"1858";"1";"0"
"1869";"1859";"1";"0"
"1870";"1860";"1";"0"
"1871";"1861";"1";"0"
"1872";"1862";"1";"0"
"1873";"1863";"1";"0"
"1874";"1864";"1";"0"
"1875";"1865";"1";"0"
"1876";"1866";"1";"0"
"1877";"1867";"1";"0"
"1878";"1868";"1";"0"
"1879";"1869";"1";"0"
"1880";"1870";"1";"0"
"1881";"1871";"1";"0"
"1882";"1872";"1";"0"
"1883";"1873";"1";"0"
"1884";"1874";"1";"0"
"1885";"1875";"1";"0"
"1886";"1876";"1";"0"
"1887";"1877";"1";"0"
"1888";"1878";"1";"0"
"1889";"1879";"1";"0"
"1890";"1880";"1";"0"
"1891";"1881";"1";"0"
"1892";"1882";"1";"0"
"1893";"1883";"1";"0"
"1894";"1884";"1";"0"
"1895";"1885";"1";"0"
"1896";"1886";"1";"0"
"1897";"1887";"1";"0"
"1898";"1888";"1";"0"
"1899";"1889";"1";"0"
"1900";"1890";"1";"0"
"1901";"1891";"1";"0"
"1902";"1892";"1";"0"
"1903";"1893";"1";"0"
"1904";"1894";"1";"0"
"1905";"1895";"1";"0"
"1906";"1896";"1";"0"
"1907";"1897";"1";"0"
"1908";"1898";"1";"0"
"1909";"1899";"1";"0"
"1910";"1900";"1";"0"
"1911";"1901";"1";"0"
"1912";"1902";"1";"0"
"1913";"1903";"1";"0"
"1914";"1904";"1";"0"
"1915";"1905";"1";"0"
"1916";"1906";"1";"0"
"1917";"1907";"1";"0"
"1918";"1908";"1";"0"
"1919";"1909";"1";"0"
"1920";"1910";"1";"0"
"1921";"1911";"1";"0"
"1922";"1912";"1";"0"
"1923";"1913";"1";"0"
"1924";"1914";"1";"0"
"1925";"1915";"1";"0"
"1926";"1916";"1";"0"
"1927";"1917";"1";"0"
"1928";"1918";"1";"0"
"1929";"1919";"1";"0"
"1930";"1920";"1";"0"
"1931";"1921";"1";"0"
"1932";"1922";"1";"0"
"1933";"1923";"1";"0"
"1934";"1924";"1";"0"
"1935";"1925";"1";"0"
"1936";"1926";"1";"0"
"1937";"1927";"1";"0"
"1938";"1928";"1";"0"
"1939";"1929";"1";"0"
"1940";"1930";"1";"0"
"1941";"1931";"1";"0"
"1942";"1932";"1";"0"
"1943";"1933";"1";"0"
"1944";"1934";"1";"0"
"1945";"1935";"1";"0"
"1946";"1936";"1";"0"
"1947";"1937";"1";"0"
"1948";"1938";"1";"0"
"1949";"1939";"1";"0"
"1950";"1940";"1";"0"
"1951";"1941";"1";"0"
"1952";"1942";"1";"0"
"1953";"1943";"1";"0"
"1954";"1944";"1";"0"
"1955";"1945";"1";"0"
"1956";"1946";"1";"0"
"1957";"1947";"1";"0"
"1958";"1948";"1";"0"
"1959";"1949";"1";"0"
"1960";"1950";"1";"0"
"1961";"1951";"1";"0"
"1962";"1952";"1";"0"
"1963";"1953";"1";"0"
"1964";"1954";"1";"0"
"1965";"1955";"1";"0"
"1966";"1956";"1";"0"
"1967";"1957";"1";"0"
"1968";"1958";"1";"0"
"1969";"1959";"1";"0"
"1970";"1960";"1";"0"
"1971";"1961";"1";"0"
"1972";"1962";"1";"0"
"1973";"1963";"1";"0"
"1974";"1964";"1";"0"
"1975";"1965";"1";"0"
"1976";"1966";"1";"0"
"1977";"1967";"1";"0"
"1978";"1968";"1";"0"
"1979";"1969";"1";"0"
"1980";"1970";"1";"0"
"1981";"1971";"1";"0"
"1982";"1972";"1";"0"
"1983";"1973";"1";"0"
"1984";"1974";"1";"0"
"1985";"1975";"1";"0"
"1986";"1976";"1";"0"
"1987";"1977";"1";"0"
"1988";"1978";"1";"0"
"1989";"1979";"1";"0"
"1990";"1980";"1";"0"
"1991";"1981";"1";"0"
"1992";"1982";"1";"0"
"1993";"1983";"1";"0"
"1994";"1984";"1";"0"
"1995";"1985";"1";"0"
"1996";"1986";"1";"0"
"1997";"1987";"1";"0"
"1998";"1988";"1";"0"
"1999";"1989";"1";"0"
"2000";"1990";"1";"0"
"2001";"1991";"1";"0"
"2002";"1992";"1";"0"
"2003";"1993";"1";"0"
"2004";"1994";"1";"0"
"2005";"1995";"1";"0"
"2006";"1996";"1";"0"
"2007";"1997";"1";"0"
"2008";"1998";"1";"0"
"2009";"1999";"1";"0"
"2010";"2000";"1";"0"
"2011";"2001";"1";"0"
"2012";"2002";"1";"0"
"2013";"2003";"1";"0"
"2014";"2004";"1";"0"
"2015";"2005";"1";"0"
"2016";"2006";"1";"0"
"2017";"2007";"1";"0"
"2018";"2008";"1";"0"
"2019";"2009";"1";"0"
"2020";"2010";"1";"0"
"2021";"2011";"1";"0"
"2022";"2012";"1";"0"
"2023";"2013";"1";"0"
"2024";"2014";"1";"0"
"2025";"2015";"1";"0"
"2026";"2016";"1";"0"
"2027";"2017";"1";"0"
"2028";"2018";"1";"0"
"2029";"2019";"1";"0"
"2030";"2020";"1";"0"
"2031";"2021";"1";"0"
"2032";"2022";"1";"0"
"2033";"2023";"1";"0"
"2034";"2024";"1";"0"
"2035";"2025";"1";"0"
"2036";"2026";"1";"0"
"2037";"2027";"1";"0"
"2038";"2028";"1";"0"
"2039";"2029";"1";"0"
"2040";"2030";"1";"0"
"2041";"2031";"1";"0"
"2042";"2032";"1";"0"
"2043";"2033";"1";"0"
"2044";"2034";"1";"0"
"2045";"2035";"1";"0"
"2046";"2036";"1";"0"
"2047";"2037";"1";"0"
"2048";"2038";"1";"0"
"2049";"2039";"1";"0"
"2050";"2040";"1";"0"
"2051";"2041";"1";"0"
"2052";"2042";"1";"0"
"2053";"2043";"1";"0"
"2054";"2044";"1";"0"
"2055";"2045";"1";"0"
"2056";"2046";"1";"0"
"2057";"2047";"1";"0"
"2058";"2048";"1";"0"
"2059";"2049";"1";"0"
"2060";"2050";"1";"0"
"2061";"2051";"1";"0"
"2062";"2052";"1";"0"
"2063";"2053";"1";"0"
"2064";"2054";"1";"0"
"2065";"2055";"1";"0"
"2066";"2056";"1";"0"
"2067";"2057";"1";"0"
"2068";"2058";"1";"0"
"2069";"2059";"1";"0"
"2070";"2060";"1";"0"
"2071";"2061";"1";"0"
"2072";"2062";"1";"0"
"2073";"2063";"1";"0"
"2074";"2064";"1";"0"
"2075";"2065";"1";"0"
"2076";"2066";"1";"0"
"2077";"2067";"1";"0"
"2078";"2068";"1";"0"
"2079";"2069";"1";"0"
"2080";"2070";"1";"0"
"2081";"2071";"1";"0"
"2082";"2072";"1";"0"
"2083";"2073";"1";"0"
"2084";"2074";"1";"0"
"2085";"2075";"1";"0"
"2086";"2076";"1";"0"
"2087";"2077";"1";"0"
"2088";"2078";"1";"0"
"2089";"2079";"1";"0"
"2090";"2080";"1";"0"
"2091";"2081";"1";"0"
"2092";"2082";"1";"0"
"2093";"2083";"1";"0"
"2094";"2084";"1";"0"
"2095";"2085";"1";"0"
"2096";"2086";"1";"0"
"2097";"2087";"1";"0"
"2098";"2088";"1";"0"
"2099";"2089";"1";"0"
"2100";"2090";"1";"0"
"2101";"2091";"1";"0"
"2102";"2092";"1";"0"
"2103";"2093";"1";"0"
"2104";"2094";"1";"0"
"2105";"2095";"1";"0"
"2106";"2096";"1";"0"
"2107";"2097";"1";"0"
"2108";"2098";"1";"0"
"2109";"2099";"1";"0"
"2110";"2100";"1";"0"
"2111";"2101";"1";"0"
"2112";"2102";"1";"0"
"2113";"2103";"1";"0"
"2114";"2104";"1";"0"
"2115";"2105";"1";"0"
"2116";"2106";"1";"0"
"2117";"2107";"1";"0"
"2118";"2108";"1";"0"
"2119";"2109";"1";"0"
"2120";"2110";"1";"0"
"2121";"2111";"1";"0"
"2122";"2112";"1";"0"
"2123";"2113";"1";"0"
"2124";"2114";"1";"0"
"2125";"2115";"1";"0"
"2126";"2116";"1";"0"
"2127";"2117";"1";"0"
"2128";"2118";"1";"0"
"2129";"2119";"1";"0"
"2130";"2120";"1";"0"
"2131";"2121";"1";"0"
"2132";"2122";"1";"0"
"2133";"2123";"1";"0"
"2134";"2124";"1";"0"
"2135";"2125";"1";"0"
"2136";"2126";"1";"0"
"2137";"2127";"1";"0"
"2138";"2128";"1";"0"
"2139";"2129";"1";"0"
"2140";"2130";"1";"0"
"2141";"2131";"1";"0"
"2142";"2132";"1";"0"
"2143";"2133";"1";"0"
"2144";"2134";"1";"0"
"2145";"2135";"1";"0"
"2146";"2136";"1";"0"
"2147";"2137";"1";"0"
"2148";"2138";"1";"0"
"2149";"2139";"1";"0"
"2150";"2140";"1";"0"
"2151";"2141";"1";"0"
"2152";"2142";"1";"0"
"2153";"2143";"1";"0"
"2154";"2144";"1";"0"
"2155";"2145";"1";"0"
"2156";"2146";"1";"0"
"2157";"2147";"1";"0"
"2158";"2148";"1";"0"
"2159";"2149";"1";"0"
"2160";"2150";"1";"0"
"2161";"2151";"1";"0"
"2162";"2152";"1";"0"
"2163";"2153";"1";"0"
"2164";"2154";"1";"0"
"2165";"2155";"1";"0"
"2166";"2156";"1";"0"
"2167";"2157";"1";"0"
"2168";"2158";"1";"0"
"2169";"2159";"1";"0"
"2170";"2160";"1";"0"
"2171";"2161";"1";"0"
"2172";"2162";"1";"0"
"2173";"2163";"1";"0"
"2174";"2164";"1";"0"
"2175";"2165";"1";"0"
"2176";"2166";"1";"0"
"2177";"2167";"1";"0"
"2178";"2168";"1";"0"
"2179";"2169";"1";"0"
"2180";"2170";"1";"0"
"2181";"2171";"1";"0"
"2182";"2172";"1";"0"
"2183";"2173";"1";"0"
"2184";"2174";"1";"0"
"2185";"2175";"1";"0"
"2186";"2176";"1";"0"
"2187";"2177";"1";"0"
"2188";"2178";"1";"0"
"2189";"2179";"1";"0"
"2190";"2180";"1";"0"
"2191";"2181";"1";"0"
"2192";"2182";"1";"0"
"2193";"2183";"1";"0"
"2194";"2184";"1";"0"
"2195";"2185";"1";"0"
"2196";"2186";"1";"0"
"2197";"2187";"1";"0"
"2198";"2188";"1";"0"
"2199";"2189";"1";"0"
"2200";"2190";"1";"0"
"2201";"2191";"1";"0"
"2202";"2192";"1";"0"
"2203";"2193";"1";"0"
"2204";"2194";"1";"0"
"2205";"2195";"1";"0"
"2206";"2196";"1";"0"
"2207";"2197";"1";"0"
"2208";"2198";"1";"0"
"2209";"2199";"1";"0"
"2210";"2200";"1";"0"
"2211";"2201";"1";"0"
"2212";"2202";"1";"0"
"2213";"2203";"1";"0"
"2214";"2204";"1";"0"
"2215";"2205";"1";"0"
"2216";"2206";"1";"0"
"2217";"2207";"1";"0"
"2218";"2208";"1";"0"
"2219";"2209";"1";"0"
"2220";"2210";"1";"0"
"2221";"2211";"1";"0"
"2222";"2212";"1";"0"
"2223";"2213";"1";"0"
"2224";"2214";"1";"0"
"2225";"2215";"1";"0"
"2226";"2216";"1";"0"
"2227";"2217";"1";"0"
"2228";"2218";"1";"0"
"2229";"2219";"1";"0"
"2230";"2220";"1";"0"
"2231";"2221";"1";"0"
"2232";"2222";"1";"0"
"2233";"2223";"1";"0"
"2234";"2224";"1";"0"
"2235";"2225";"1";"0"
"2236";"2226";"1";"0"
"2237";"2227";"1";"0"
"2238";"2228";"1";"0"
"2239";"2229";"1";"0"
"2240";"2230";"1";"0"
"2241";"2231";"1";"0"
"2242";"2232";"1";"0"
"2243";"2233";"1";"0"
"2244";"2234";"1";"0"
"2245";"2235";"1";"0"
"2246";"2236";"1";"0"
"2247";"2237";"1";"0"
"2248";"2238";"1";"0"
"2249";"2239";"1";"0"
"2250";"2240";"1";"0"
"2251";"2241";"1";"0"
"2252";"2242";"1";"0"
"2253";"2243";"1";"0"
"2254";"2244";"1";"0"
"2255";"2245";"1";"0"
"2256";"2246";"1";"0"
"2257";"2247";"1";"0"
"2258";"2248";"1";"0"
"2259";"2249";"1";"0"
"2260";"2250";"1";"0"
"2261";"2251";"1";"0"
"2262";"2252";"1";"0"
"2263";"2253";"1";"0"
"2264";"2254";"1";"0"
"2265";"2255";"1";"0"
"2266";"2256";"1";"0"
"2267";"2257";"1";"0"
"2268";"2258";"1";"0"
"2269";"2259";"1";"0"
"2270";"2260";"1";"0"
"2271";"2261";"1";"0"
"2272";"2262";"1";"0"
"2273";"2263";"1";"0"
"2274";"2264";"1";"0"
"2275";"2265";"1";"0"
"2276";"2266";"1";"0"
"2277";"2267";"1";"0"
"2278";"2268";"1";"0"
"2279";"2269";"1";"0"
"2280";"2270";"1";"0"
"2281";"2271";"1";"0"
"2282";"2272";"1";"0"
"2283";"2273";"1";"0"
"2284";"2274";"1";"0"
"2285";"2275";"1";"0"
"2286";"2276";"1";"0"
"2287";"2277";"1";"0"
"2288";"2278";"1";"0"
"2289";"2279";"1";"0"
"2290";"2280";"1";"0"
"2291";"2281";"1";"0"
"2292";"2282";"1";"0"
"2293";"2283";"1";"0"
"2294";"2284";"1";"0"
"2295";"2285";"1";"0"
"2296";"2286";"1";"0"
"2297";"2287";"1";"0"
"2298";"2288";"1";"0"
"2299";"2289";"1";"0"
"2300";"2290";"1";"0"
"2301";"2291";"1";"0"
"2302";"2292";"1";"0"
"2303";"2293";"1";"0"
"2304";"2294";"1";"0"
"2305";"2295";"1";"0"
"2306";"2296";"1";"0"
"2307";"2297";"1";"0"
"2308";"2298";"1";"0"
"2309";"2299";"1";"0"
"2310";"2300";"1";"0"
"2311";"2301";"1";"0"
"2312";"2302";"1";"0"
"2313";"2303";"1";"0"
"2314";"2304";"1";"0"
"2315";"2305";"1";"0"
"2316";"2306";"1";"0"
"2317";"2307";"1";"0"
"2318";"2308";"1";"0"
"2319";"2309";"1";"0"
"2320";"2310";"1";"0"
"2321";"2311";"1";"0"
"2322";"2312";"1";"0"
"2323";"2313";"1";"0"
"2324";"2314";"1";"0"
"2325";"2315";"1";"0"
"2326";"2316";"1";"0"
"2327";"2317";"1";"0"
"2328";"2318";"1";"0"
"2329";"2319";"1";"0"
"2330";"2320";"1";"0"
"2331";"2321";"1";"0"
"2332";"2322";"1";"0"
"2333";"2323";"1";"0"
"2334";"2324";"1";"0"
"2335";"2325";"1";"0"
"2336";"2326";"1";"0"
"2337";"2327";"1";"0"
"2338";"2328";"1";"0"
"2339";"2329";"1";"0"
"2340";"2330";"1";"0"
"2341";"2331";"1";"0"
"2342";"2332";"1";"0"
"2343";"2333";"1";"0"
"2344";"2334";"1";"0"
"2345";"2335";"1";"0"
"2346";"2336";"1";"0"
"2347";"2337";"1";"0"
"2348";"2338";"1";"0"
"2349";"2339";"1";"0"
"2350";"2340";"1";"0"
"2351";"2341";"1";"0"
"2352";"2342";"1";"0"
"2353";"2343";"1";"0"
"2354";"2344";"1";"0"
"2355";"2345";"1";"0"
"2356";"2346";"1";"0"
"2357";"2347";"1";"0"
"2358";"2348";"1";"0"
"2359";"2349";"1";"0"
"2360";"2350";"1";"0"
"2361";"2351";"1";"0"
"2362";"2352";"1";"0"
"2363";"2353";"1";"0"
"2364";"2354";"1";"0"
"2365";"2355";"1";"0"
"2366";"2356";"1";"0"
"2367";"2357";"1";"0"
"2368";"2358";"1";"0"
"2369";"2359";"1";"0"
"2370";"2360";"1";"0"
"2371";"2361";"1";"0"
"2372";"2362";"1";"0"
"2373";"2363";"1";"0"
"2374";"2364";"1";"0"
"2375";"2365";"1";"0"
"2376";"2366";"1";"0"
"2377";"2367";"1";"0"
"2378";"2368";"1";"0"
"2379";"2369";"1";"0"
"2380";"2370";"1";"0"
"2381";"2371";"1";"0"
"2382";"2372";"1";"0"
"2383";"2373";"1";"0"
"2384";"2374";"1";"0"
"2385";"2375";"1";"0"
"2386";"2376";"1";"0"
"2387";"2377";"1";"0"
"2388";"2378";"1";"0"
"2389";"2379";"1";"0"
"2390";"2380";"1";"0"
"2391";"2381";"1";"0"
"2392";"2382";"1";"0"
"2393";"2383";"1";"0"
"2394";"2384";"1";"0"
"2395";"2385";"1";"0"
"2396";"2386";"1";"0"
"2397";"2387";"1";"0"
"2398";"2388";"1";"0"
"2399";"2389";"1";"0"
"2400";"2390";"1";"0"
"2401";"2391";"1";"0"
"2402";"2392";"1";"0"
"2403";"2393";"1";"0"
"2404";"2394";"1";"0"
"2405";"2395";"1";"0"
"2406";"2396";"1";"0"
"2407";"2397";"1";"0"
"2408";"2398";"1";"0"
"2409";"2399";"1";"0"
"2410";"2400";"1";"0"
"2411";"2401";"1";"0"
"2412";"2402";"1";"0"
"2413";"2403";"1";"0"
"2414";"2404";"1";"0"
"2415";"2405";"1";"0"
"2416";"2406";"1";"0"
"2417";"2407";"1";"0"
"2418";"2408";"1";"0"
"2419";"2409";"1";"0"
"2420";"2410";"1";"0"
"2421";"2411";"1";"0"
"2422";"2412";"1";"0"
"2423";"2413";"1";"0"
"2424";"2414";"1";"0"
"2425";"2415";"1";"0"
"2426";"2416";"1";"0"
"2427";"2417";"1";"0"
"2428";"2418";"1";"0"
"2429";"2419";"1";"0"
"2430";"2420";"1";"0"
"2431";"2421";"1";"0"
"2432";"2422";"1";"0"
"2433";"2423";"1";"0"
"2434";"2424";"1";"0"
"2435";"2425";"1";"0"
"2436";"2426";"1";"0"
"2437";"2427";"1";"0"
"2438";"2428";"1";"0"
"2439";"2429";"1";"0"
"2440";"2430";"1";"0"
"2441";"2431";"1";"0"
"2442";"2432";"1";"0"
"2443";"2433";"1";"0"
"2444";"2434";"1";"0"
"2445";"2435";"1";"0"
"2446";"2436";"1";"0"
"2447";"2437";"1";"0"
"2448";"2438";"1";"0"
"2449";"2439";"1";"0"
"2450";"2440";"1";"0"
"2451";"2441";"1";"0"
"2452";"2442";"1";"0"
"2453";"2443";"1";"0"
"2454";"2444";"1";"0"
"2455";"2445";"1";"0"
"2456";"2446";"1";"0"
"2457";"2447";"1";"0"
"2458";"2448";"1";"0"
"2459";"2449";"1";"0"
"2460";"2450";"1";"0"
"2461";"2451";"1";"0"
"2462";"2452";"1";"0"
"2463";"2453";"1";"0"
"2464";"2454";"1";"0"
"2465";"2455";"1";"0"
"2466";"2456";"1";"0"
"2467";"2457";"1";"0"
"2468";"2458";"1";"0"
"2469";"2459";"1";"0"
"2470";"2460";"1";"0"
"2471";"2461";"1";"0"
"2472";"2462";"1";"0"
"2473";"2463";"1";"0"
"2474";"2464";"1";"0"
"2475";"2465";"1";"0"
"2476";"2466";"1";"0"
"2477";"2467";"1";"0"
"2478";"2468";"1";"0"
"2479";"2469";"1";"0"
"2480";"2470";"1";"0"
"2481";"2471";"1";"0"
"2482";"2472";"1";"0"
"2483";"2473";"1";"0"
"2484";"2474";"1";"0"
"2485";"2475";"1";"0"
"2486";"2476";"1";"0"
"2487";"2477";"1";"0"
"2488";"2478";"1";"0"
"2489";"2479";"1";"0"
"2490";"2480";"1";"0"
"2491";"2481";"1";"0"
"2492";"2482";"1";"0"
"2493";"2483";"1";"0"
"2494";"2484";"1";"0"
"2495";"2485";"1";"0"
"2496";"2486";"1";"0"
"2497";"2487";"1";"0"
"2498";"2488";"1";"0"
"2499";"2489";"1";"0"
"2500";"2490";"1";"0"
"2501";"2491";"1";"0"
"2502";"2492";"1";"0"
"2503";"2493";"1";"0"
"2504";"2494";"1";"0"
"2505";"2495";"1";"0"
"2506";"2496";"1";"0"
"2507";"2497";"1";"0"
"2508";"2498";"1";"0"
"2509";"2499";"1";"0"
"2510";"2500";"1";"0"
"2511";"2501";"1";"0"
"2512";"2502";"1";"0"
"2513";"2503";"1";"0"
"2514";"2504";"1";"0"
"2515";"2505";"1";"0"
"2516";"2506";"1";"0"
"2517";"2507";"1";"0"
"2518";"2508";"1";"0"
"2519";"2509";"1";"0"
"2520";"2510";"1";"0"
"2521";"2511";"1";"0"
"2522";"2512";"1";"0"
"2523";"2513";"1";"0"
"2524";"2514";"1";"0"
"2525";"2515";"1";"0"
"2526";"2516";"1";"0"
"2527";"2517";"1";"0"
"2528";"2518";"1";"0"
"2529";"2519";"1";"0"
"2530";"2520";"1";"0"
"2531";"2521";"1";"0"
"2532";"2522";"1";"0"
"2533";"2523";"1";"0"
"2534";"2524";"1";"0"
"2535";"2525";"1";"0"
"2536";"2526";"1";"0"
"2537";"2527";"1";"0"
"2538";"2528";"1";"0"
"2539";"2529";"1";"0"
"2540";"2530";"1";"0"
"2541";"2531";"1";"0"
"2542";"2532";"1";"0"
"2543";"2533";"1";"0"
"2544";"2534";"1";"0"
"2545";"2535";"1";"0"
"2546";"2536";"1";"0"
"2547";"2537";"1";"0"
"2548";"2538";"1";"0"
"2549";"2539";"1";"0"
"2550";"2540";"1";"0"
"2551";"2541";"1";"0"
"2552";"2542";"1";"0"
"2553";"2543";"1";"0"
"2554";"2544";"1";"0"
"2555";"2545";"1";"0"
"2556";"2546";"1";"0"
"2557";"2547";"1";"0"
"2558";"2548";"1";"0"
"2559";"2549";"1";"0"
"2560";"2550";"1";"0"
"2561";"2551";"1";"0"
"2562";"2552";"1";"0"
"2563";"2553";"1";"0"
"2564";"2554";"1";"0"
"2565";"2555";"1";"0"
"2566";"2556";"1";"0"
"2567";"2557";"1";"0"
"2568";"2558";"1";"0"
"2569";"2559";"1";"0"
"2570";"2560";"1";"0"
"2571";"2561";"1";"0"
"2572";"2562";"1";"0"
"2573";"2563";"1";"0"
"2574";"2564";"1";"0"
"2575";"2565";"1";"0"
"2576";"2566";"1";"0"
"2577";"2567";"1";"0"
"2578";"2568";"1";"0"
"2579";"2569";"1";"0"
"2580";"2570";"1";"0"
"2581";"2571";"1";"0"
"2582";"2572";"1";"0"
"2583";"2573";"1";"0"
"2584";"2574";"1";"0"
"2585";"2575";"1";"0"
"2586";"2576";"1";"0"
"2587";"2577";"1";"0"
"2588";"2578";"1";"0"
"2589";"2579";"1";"0"
"2590";"2580";"1";"0"
"2591";"2581";"1";"0"
"2592";"2582";"1";"0"
"2593";"2583";"1";"0"
"2594";"2584";"1";"0"
"2595";"2585";"1";"0"
"2596";"2586";"1";"0"
"2597";"2587";"1";"0"
"2598";"2588";"1";"0"
"2599";"2589";"1";"0"
"2600";"2590";"1";"0"
"2601";"2591";"1";"0"
"2602";"2592";"1";"0"
"2603";"2593";"1";"0"
"2604";"2594";"1";"0"
"2605";"2595";"1";"0"
"2606";"2596";"1";"0"
"2607";"2597";"1";"0"
"2608";"2598";"1";"0"
"2609";"2599";"1";"0"
"2610";"2600";"1";"0"
"2611";"2601";"1";"0"
"2612";"2602";"1";"0"
"2613";"2603";"1";"0"
"2614";"2604";"1";"0"
"2615";"2605";"1";"0"
"2616";"2606";"1";"0"
"2617";"2607";"1";"0"
"2618";"2608";"1";"0"
"2619";"2609";"1";"0"
"2620";"2610";"1";"0"
"2621";"2611";"1";"0"
"2622";"2612";"1";"0"
"2623";"2613";"1";"0"
"2624";"2614";"1";"0"
"2625";"2615";"1";"0"
"2626";"2616";"1";"0"
"2627";"2617";"1";"0"
"2628";"2618";"1";"0"
"2629";"2619";"1";"0"
"2630";"2620";"1";"0"
"2631";"2621";"1";"0"
"2632";"2622";"1";"0"
"2633";"2623";"1";"0"
"2634";"2624";"1";"0"
"2635";"2625";"1";"0"
"2636";"2626";"1";"0"
"2637";"2627";"1";"0"
"2638";"2628";"1";"0"
"2639";"2629";"1";"0"
"2640";"2630";"1";"0"
"2641";"2631";"1";"0"
"2642";"2632";"1";"0"
"2643";"2633";"1";"0"
"2644";"2634";"1";"0"
"2645";"2635";"1";"0"
"2646";"2636";"1";"0"
"2647";"2637";"1";"0"
"2648";"2638";"1";"0"
"2649";"2639";"1";"0"
"2650";"2640";"1";"0"
"2651";"2641";"1";"0"
"2652";"2642";"1";"0"
"2653";"2643";"1";"0"
"2654";"2644";"1";"0"
"2655";"2645";"1";"0"
"2656";"2646";"1";"0"
"2657";"2647";"1";"0"
"2658";"2648";"1";"0"
"2659";"2649";"1";"0"
"2660";"2650";"1";"0"
"2661";"2651";"1";"0"
"2662";"2652";"1";"0"
"2663";"2653";"1";"0"
"2664";"2654";"1";"0"
"2665";"2655";"1";"0"
"2666";"2656";"1";"0"
"2667";"2657";"1";"0"
"2668";"2658";"1";"0"
"2669";"2659";"1";"0"
"2670";"2660";"1";"0"
"2671";"2661";"1";"0"
"2672";"2662";"1";"0"
"2673";"2663";"1";"0"
"2674";"2664";"1";"0"
"2675";"2665";"1";"0"
"2676";"2666";"1";"0"
"2677";"2667";"1";"0"
"2678";"2668";"1";"0"
"2679";"2669";"1";"0"
"2680";"2670";"1";"0"
"2681";"2671";"1";"0"
"2682";"2672";"1";"0"
"2683";"2673";"1";"0"
"2684";"2674";"1";"0"
"2685";"2675";"1";"0"
"2686";"2676";"1";"0"
"2687";"2677";"1";"0"
"2688";"2678";"1";"0"
"2689";"2679";"1";"0"
"2690";"2680";"1";"0"
"2691";"2681";"1";"0"
"2692";"2682";"1";"0"
"2693";"2683";"1";"0"
"2694";"2684";"1";"0"
"2695";"2685";"1";"0"
"2696";"2686";"1";"0"
"2697";"2687";"1";"0"
"2698";"2688";"1";"0"
"2699";"2689";"1";"0"
"2700";"2690";"1";"0"
"2701";"2691";"1";"0"
"2702";"2692";"1";"0"
"2703";"2693";"1";"0"
"2704";"2694";"1";"0"
"2705";"2695";"1";"0"
"2706";"2696";"1";"0"
"2707";"2697";"1";"0"
"2708";"2698";"1";"0"
"2709";"2699";"1";"0"
"2710";"2700";"1";"0"
"2711";"2701";"1";"0"
"2712";"2702";"1";"0"
"2713";"2703";"1";"0"
"2714";"2704";"1";"0"
"2715";"2705";"1";"0"
"2716";"2706";"1";"0"
"2717";"2707";"1";"0"
"2718";"2708";"1";"0"
"2719";"2709";"1";"0"
"2720";"2710";"1";"0"
"2721";"2711";"1";"0"
"2722";"2712";"1";"0"
"2723";"2713";"1";"0"
"2724";"2714";"1";"0"
"2725";"2715";"1";"0"
"2726";"2716";"1";"0"
"2727";"2717";"1";"0"
"2728";"2718";"1";"0"
"2729";"2719";"1";"0"
"2730";"2720";"1";"0"
"2731";"2721";"1";"0"
"2732";"2722";"1";"0"
"2733";"2723";"1";"0"
"2734";"2724";"1";"0"
"2735";"2725";"1";"0"
"2736";"2726";"1";"0"
"2737";"2727";"1";"0"
"2738";"2728";"1";"0"
"2739";"2729";"1";"0"
"2740";"2730";"1";"0"
"2741";"2731";"1";"0"
"2742";"2732";"1";"0"
"2743";"2733";"1";"0"
"2744";"2734";"1";"0"
"2745";"2735";"1";"0"
"2746";"2736";"1";"0"
"2747";"2737";"1";"0"
"2748";"2738";"1";"0"
"2749";"2739";"1";"0"
"2750";"2740";"1";"0"
"2751";"2741";"1";"0"
"2752";"2742";"1";"0"
"2753";"2743";"1";"0"
"2754";"2744";"1";"0"
"2755";"2745";"1";"0"
"2756";"2746";"1";"0"
"2757";"2747";"1";"0"
"2758";"2748";"1";"0"
"2759";"2749";"1";"0"
"2760";"2750";"1";"0"
"2761";"2751";"1";"0"
"2762";"2752";"1";"0"
"2763";"2753";"1";"0"
"2764";"2754";"1";"0"
"2765";"2755";"1";"0"
"2766";"2756";"1";"0"
"2767";"2757";"1";"0"
"2768";"2758";"1";"0"
"2769";"2759";"1";"0"
"2770";"2760";"1";"0"
"2771";"2761";"1";"0"
"2772";"2762";"1";"0"
"2773";"2763";"1";"0"
"2774";"2764";"1";"0"
"2775";"2765";"1";"0"
"2776";"2766";"1";"0"
"2777";"2767";"1";"0"
"2778";"2768";"1";"0"
"2779";"2769";"1";"0"
"2780";"2770";"1";"0"
"2781";"2771";"1";"0"
"2782";"2772";"1";"0"
"2783";"2773";"1";"0"
"2784";"2774";"1";"0"
